All_Genes,Annotation,Direct_Genes,name,NEST ID,shared name,Size-Log,Size_All,Size_Direct
"BCLAF1,BRD4,CASP8,CDC73,CREBBP,DDX3X,EWSR1,FUBP1,FUS,GATA3,PRCC,PRKDC,PRPF40B,RBM10,SF1,SF3B1,SPEN,SRSF2,TNF,U2AF1,UPF1,ZRSR2",mRNA splicing,"BRD4,DDX3X,FUBP1,GATA3,PRCC,PRKDC",mRNA splicing,NEST:19,mRNA splicing,1.3424226808222062,22,6
"BARD1,BLM,BRCA1,BRCA2,BUB1B,CCND1,CCND2,CCND3,CCNE1,CCNE2,CDK4,CDK5,CDK6,CDKN1A,CDKN1B,CDKN1C,CDKN2A,CDKN2B,CDKN2C,CHEK1,CKS1B,CREBBP,CTNNB1,E2F1,E2F4,EP300,FANCD2,HDAC1,HLA-A,MSH2,MSH6,MYC,RAD51,RAD51C,RB1,RBL1,RBL2,TERT,TOP2A,TP53,WRN",Regulation of CDK activity I,"CDK5,CDKN1C,MSH2,MSH6,TERT",Regulation of CDK activity,NEST:50,Regulation of CDK activity,1.6127838567197355,41,5
"AURKA,AURKB,BARD1,BLM,BRCA1,BRCA2,BRIP1,BUB1B,CCNE1,CDKN1A,CDKN1B,CHEK1,CKS1B,FANCD2,MKI67,MLH1,MLH3,MSH2,MSH3,MSH6,PMS1,PMS2,POLD1,POLE,RAD51,RAD51C,RB1,TERT,TOP2A,TP53,WRN,XRCC2",DNA metabolic process,"CCNE1,CDKN1A,CDKN1B,CKS1B,MLH3,POLD1,POLE,RB1,TERT,XRCC2",DNA metabolic process,NEST:30,DNA metabolic process,1.505149978319906,32,10
"CTNNB1,EP300,EZH2,HIST3H3,TP53",H3-ac. & H3K4-me crosstalk,"CTNNB1,EP300,EZH2,HIST3H3,TP53",H3 acetylation and H3K4 methylation crosstalk,NEST:155,H3 acetylation and H3K4 methylation crosstalk,0.6989700043360189,5,5
"RAD21,SMARCA4,SMC1A,SMC3,STAG1,STAG2",Extended cohesin complex,SMARCA4,Extended cohesin complex,NEST:121,Extended cohesin complex,0.7781512503836436,6,1
"AURKB,BRCA1,CHD4,H3F3A,HDAC1,HDAC2,HIST3H3,MTA1,SMARCA4,TAF1,TP53",DNA replication dependent nucleosome assembly,"AURKB,BRCA1,CHD4,H3F3A,HDAC1,HDAC2,HIST3H3,MTA1,SMARCA4,TAF1,TP53",DNA replication dependent nucleosome assembly,NEST:94,DNA replication dependent nucleosome assembly,1.0413926851582251,11,11
"ATM,AURKA,BARD1,BLM,BRCA1,BRCA2,BRIP1,BUB1B,CDC73,CHEK1,FANCA,FANCD2,MDC1,MDM2,MRE11,MSH6,NBN,PALB2,POLH,RAD50,RAD51,RAD51B,RAD51C,RAD51D,TOP2A,TP53,WRN,XRCC2,XRCC3",Recombinational repair,"ATM,AURKA,BRIP1,CDC73,FANCA,MDC1,MDM2,MRE11,MSH6,NBN,PALB2,POLH,RAD50,RAD51B,RAD51D,XRCC2,XRCC3",Recombinational repair,NEST:79,Recombinational repair,1.462397997898956,29,17
"BARD1,BIRC3,BRCA1,CBL,CHEK2,EGFR,MDM2,MDM4,MIB1,TNF,TP53",BRCA1 mediated protein ubiquitination,"BARD1,BIRC3,BRCA1,CBL,CHEK2,EGFR,MDM2,MDM4,MIB1,TNF,TP53",BRCA1 mediated protein ubiquitination,NEST:70,BRCA1 mediated protein ubiquitination,1.0413926851582251,11,11
"ATM,ATR,BRCA1,BUB1B,CCND1,CCNE1,CDKN1A,CDKN1B,CDKN2A,CHEK2,CKS1B,CREBBP,E2F1,E2F2,E2F4,E2F5,EP300,HDAC1,MDM2,MDM4,MYC,NPM1,PARP1,RB1,RBL1,RBL2,TFDP1,TP53,TP63",Cell cycle arrest,"BRCA1,BUB1B,CCND1,CCNE1,CDKN1B,CDKN2A,CKS1B,E2F5,HDAC1,MYC,NPM1,PARP1,TP63",Cell cycle arrest,NEST:65,Cell cycle arrest,1.462397997898956,29,13
"ERBB2,ERBB4,FGFR2,FGFR4,HRAS,KRAS",FGFR-ERBB-RAS signaling,"ERBB2,ERBB4,FGFR2,FGFR4,HRAS,KRAS",FGFR-ERBB-RAS signaling,NEST:256,FGFR-ERBB-RAS signaling,0.7781512503836436,6,6
"BCL11B,CHD4,CREBBP,DNMT1,E2F1,EZH2,HDAC1,HDAC2,ING1,IRF2,MTA1,PALB2,PARP1,RUNX1,TP53,ZBTB2",Nucleosome remodeling,"BCL11B,CHD4,CREBBP,DNMT1,E2F1,EZH2,HDAC1,HDAC2,ING1,IRF2,MTA1,PALB2,PARP1,RUNX1,TP53,ZBTB2",Nucleosome remodeling,NEST:55,Nucleosome remodeling,1.2041199826559248,16,16
"ACVR1B,AKT2,AKT3,ALK,BMPR1A,CCND1,EBF1,EGLN1,FOXO1,FOXO3,IGF1R,INSR,IRS2,PIK3CA,PIK3CB,PIK3CD,PIK3R1,PIK3R2,PIK3R3,PTEN,RARA,SMAD4,SOD2,TGFBR1,TGFBR2",AKT/activin signaling,"ACVR1B,AKT2,AKT3,ALK,BMPR1A,CCND1,EBF1,EGLN1,FOXO1,FOXO3,IGF1R,INSR,IRS2,PIK3CA,PIK3CB,PIK3CD,PIK3R1,PIK3R2,PIK3R3,PTEN,RARA,SMAD4,SOD2,TGFBR1,TGFBR2",AKT/activin signaling,NEST:52,AKT/activin signaling,1.3979400086720377,25,25
"AKT1,CTNNB1,EGF,EGFR,NF2,PTEN",AKT1 activation,"AKT1,CTNNB1,EGF,EGFR,NF2,PTEN",AKT1 activation,NEST:169,AKT1 activation,0.7781512503836436,6,6
"ABL1,ACVR1B,AKT1,AMER1,ANKRD11,AR,ARAF,ARID1A,ARID1B,ARID2,ASNS,ASXL1,ASXL2,ATIC,ATM,ATR,ATRX,AURKA,AURKB,AXIN2,BAP1,BARD1,BCL11B,BCL2L12,BCL6,BCL7A,BCLAF1,BCOR,BCORL1,BLM,BRAF,BRCA1,BRCA2,BRD4,BRIP1,BTG1,BUB1B,CASP8,CCDC6,CCND1,CCND2,CCND3,CCNE1,CCNE2,CDC25A,CDC73,CDK12,CDK4,CDK5,CDK6,CDK8,CDKN1A,CDKN1B,CDKN1C,CDKN2A,CDKN2B,CDKN2C,CEP57,CHD2,CHD4,CHEK1,CHEK2,CIC,CKS1B,CREBBP,CRKL,CTC1,CTCF,CTNNB1,CUL3,CUX1,DAXX,DDB2,DDX3X,DICER1,DIS3,DKC1,DNMT1,DNMT3A,DNMT3B,DOT1L,E2F1,E2F2,E2F3,E2F4,E2F5,E2F6,EED,EGLN1,ELOC,EMSY,EP300,ERCC1,ERCC2,ERCC3,ERCC4,ERCC5,ERCC6,ESR1,EWSR1,EZH2,FANCA,FANCB,FANCC,FANCD2,FANCE,FANCF,FANCG,FANCI,FANCL,FANCM,FBXW7,FOXL2,FOXO3,FRS2,FUBP1,FUS,GATA1,GATA3,GEN1,GID4,GPS2,GSTP1,H3F3A,H3F3C,HDAC1,HDAC2,HDAC3,HDAC4,HDAC5,HIF1A,HIST1H1C,HIST1H1E,HIST1H2BD,HIST1H3F,HIST1H4E,HIST3H3,HLA-A,HRAS,HSP90AA1,HSPH1,IKZF1,ING1,INHBA,IRF2,JUN,KAT6A,KDM5A,KDM5C,KDM6A,KMT2A,KMT2B,KMT2C,KMT2D,KRAS,LATS1,LEF1,LMNA,MAD2L2,MAGI2,MAP3K7,MAX,MDC1,MDM2,MDM4,MECOM,MED1,MED12,MEN1,MGA,MGMT,MIB1,MKI67,MLH1,MLH3,MLLT3,MRE11,MSH2,MSH3,MSH6,MTA1,MTOR,MUTYH,MYB,MYC,MYCL,MYCN,NBN,NCOA3,NCOR1,NCOR2,NF1,NF2,NHP2,NKX3-1,NPM1,NSD1,NSD2,NUP93,NUP98,PA2G4,PALB2,PARK2,PARP1,PBRM1,PCBP1,PELP1,PHB2,PHF6,PIAS4,PIK3C3,PML,PMS1,PMS2,PNRC1,POLD1,POLE,POLH,POT1,PPP1CA,PPP1CB,PPP1CC,PPP1R15A,PPP2CA,PPP2CB,PPP2R1A,PPP2R1B,PPP2R2A,PPP6C,PRCC,PRDM1,PRKCZ,PRKDC,PRPF40B,PTPN11,RAB35,RAD21,RAD50,RAD51,RAD51B,RAD51C,RAD51D,RAD52,RAD54L,RAF1,RANBP2,RARA,RB1,RBL1,RBL2,RBM10,RECQL4,REL,RHOA,RICTOR,RINT1,RPL5,RPS15,RPS6KB1,RPTOR,RSF1,RUNX1,RUNX1T1,RXRA,SETD2,SF1,SF3B1,SHQ1,SKP1,SLX4,SMAD2,SMAD3,SMAD4,SMARCA1,SMARCA4,SMARCB1,SMARCE1,SMC1A,SMC3,SOCS1,SOX2,SPEN,SRSF2,STAG1,STAG2,STAT3,STK11,SUZ12,TAF1,TAP2,TBL1XR1,TCF3,TERT,TET2,TFDP1,TGFBR1,TNF,TOP1,TOP2A,TP53,TP63,TRAF7,TSC1,TSC2,TYMS,U2AF1,UBE2T,UMPS,UPF1,VHL,WEE1,WRN,WT1,XPA,XPC,XPO1,XRCC1,XRCC2,XRCC3,YEATS4,ZBTB2,ZNF217,ZRSR2",Nucleus and ribosome,"ABL1,ACVR1B,AMER1,AXIN2,BCL2L12,CEP57,CIC,CRKL,CTC1,EGLN1,FANCB,FANCF,FRS2,GEN1,GID4,HIST1H2BD,HIST1H3F,HIST1H4E,HSPH1,INHBA,KDM5C,KRAS,LEF1,LMNA,MAD2L2,MECOM,MGMT,MIB1,MTOR,MUTYH,NKX3-1,PIK3C3,PPP1CB,PPP1R15A,RAB35,RAD52,RECQL4,RICTOR,RINT1,RPS6KB1,RPTOR,SOCS1,SUZ12,TAP2,TRAF7,TSC1,TSC2,WEE1",Nucleus and ribosome,NEST:3,Nucleus and ribosome,2.509202522331103,323,48
"ALOX12B,CDH1,CDH2,EPCAM,FLG,KLF4,PRSS8,ZNF750",Keratinization,"ALOX12B,CDH1,CDH2,EPCAM,FLG,KLF4,PRSS8,ZNF750",Keratinization,NEST:24,Keratinization,0.9030899869919435,8,8
"ABCC3,ABL1,ABL2,ACTA2,ADGRA2,AKT1,APOB,ARHGAP26,ARID5B,ATP7B,AXL,B2M,BCAR1,BCL2L12,BIRC3,BTK,C8orf34,CARD11,CASR,CBL,CBLB,CBR3,CCND1,CD19,CD22,CD274,CD276,CD40,CD70,CD79A,CD79B,CDH1,CHEK2,CIITA,CRKL,CSF1R,CSF3R,CTLA4,CUL3,CXCR4,CYLD,CYP1B1,CYP2D6,CYP3A5,DMD,DNM2,DPYD,EBF1,EGF,EGFL7,EGFR,ENG,EPCAM,EPHA2,EPHA3,EPHA5,EPHA7,EPHB1,EPHB2,EPOR,ERBB2,ERBB4,ERG,ERRFI1,ESR1,ETS1,EXT2,FAM46C,FANCC,FAS,FBXO11,FCGR2A,FCGR3A,FGF10,FGF19,FGF23,FGFR3,FLT1,FLT3,FLT4,FOXA1,FOXP1,FRS2,FYN,GALNT12,GATA1,GATA3,GNA11,GNA13,GNAQ,GNAS,GPC3,GREM1,GRIN2A,HAVCR2,HGF,HLA-A,HLA-B,HLA-C,HLA-DMA,HLA-DMB,HLA-DOA,HLA-DOB,HLA-DPA1,HLA-DPB1,HLA-DQA1,HLA-DQA2,HLA-DQB1,HLA-DQB2,HLA-DRA,HLA-DRB1,HLA-DRB5,HLA-E,HLA-F,HLA-G,HNF1A,HNF1B,HRAS,HSP90AA1,IDH1,IDO1,IFIT1,IFIT2,IFIT3,IFNAR1,IFNAR2,IFNGR1,IFNGR2,IGF1,IKBKE,IKZF1,IKZF3,IL10RA,IL15,IL2RA,IL6R,IL7R,INHBA,IRF1,IRF2,IRF4,IRS1,IRS2,JAK1,JAK2,JAK3,KDR,KIF1B,KIT,KLHL6,LAG3,LATS1,LMNA,LYN,MAFB,MAP2K1,MAPK1,MC1R,MPL,MS4A1,MST1,MYD88,MYH11,MYOD1,NEGR1,NF2,NFE2L2,NFKBIA,NKX2-1,NOTCH4,NTRK3,P2RY8,PAK1,PAK3,PAK5,PALLD,PCBP1,PDCD1,PDCD1LG2,PDGFRA,PDGFRB,PHOX2B,PIK3CA,PIK3CD,PIK3CG,PIK3R1,PIK3R2,PIK3R3,PLCG2,PLK2,PML,POU2F2,PPP1CB,PRDM1,PREX2,PRF1,PTK2,PTPN11,PTPN22,PTPRD,QKI,RAC1,RASA1,RET,RHOA,RHPN2,SETBP1,SH2B3,SH2D1A,SLIT2,SMAD3,SOCS1,SOD2,SOX17,SPRED1,SPTA1,SRC,STAT3,STAT4,STAT5A,STAT5B,STAT6,SYK,TAP1,TAP2,TIGIT,TLR4,TMEM127,TMEM173,TNF,TNFAIP3,TNFRSF14,TNFRSF17,TNFRSF9,TPM1,TPMT,VEGFA,VSIR",Cytoplasm and extracellular space,"AKT1,BCAR1,CCND1,CRKL,ERBB2,ERBB4,FGFR3,FRS2,GRIN2A,HRAS,IFNAR1,IFNGR1,KIF1B,MAP2K1,MC1R,MPL,PIK3R2,PIK3R3,PTK2,RASA1,SMAD3,SRC",Cytoplasm and extracellular space,NEST:2,Cytoplasm and extracellular space,2.376576957056512,238,22
"AKT1,MTOR,RICTOR,RPS6KB1,RPTOR",AKT/MTOR pathway I,"AKT1,MTOR,RICTOR,RPS6KB1,RPTOR",AKT/MTOR pathway I,NEST:145,AKT/MTOR pathway I,0.6989700043360189,5,5
"ABCB1,ABCC3,ABL1,ABL2,ACTA2,ACVR1B,ADGRA2,AJUBA,AKT1,AKT2,AKT3,ALK,ALOX12B,AMER1,ANKRD11,APC,APOB,AR,ARAF,ARFRP1,ARHGAP26,ARHGAP35,ARID1A,ARID1B,ARID2,ARID5B,ASNS,ASXL1,ASXL2,ATIC,ATM,ATP7B,ATR,ATRX,AURKA,AURKB,AXIN1,AXIN2,AXL,B2M,BAP1,BARD1,BCAR1,BCL10,BCL11B,BCL2,BCL2L1,BCL2L11,BCL2L12,BCL2L2,BCL6,BCL7A,BCLAF1,BCOR,BCORL1,BCR,BIRC3,BLM,BMPR1A,BRAF,BRCA1,BRCA2,BRD4,BRIP1,BTG1,BTK,BUB1B,C11orf65,C3orf70,C8orf34,CADM2,CALR,CARD11,CASP8,CASR,CBFB,CBL,CBLB,CBLC,CBR3,CCDC6,CCND1,CCND2,CCND3,CCNE1,CCNE2,CD19,CD22,CD274,CD276,CD40,CD70,CD79A,CD79B,CDC25A,CDC73,CDH1,CDH2,CDK12,CDK4,CDK5,CDK6,CDK8,CDKN1A,CDKN1B,CDKN1C,CDKN2A,CDKN2B,CDKN2C,CEBPA,CEP57,CFTR,CHD2,CHD4,CHEK1,CHEK2,CIC,CIITA,CKS1B,CREBBP,CRKL,CRLF2,CSF1R,CSF3R,CTC1,CTCF,CTLA4,CTNNA1,CTNNB1,CTRC,CUL3,CUX1,CXCR4,CYLD,CYP1B1,CYP2D6,CYP3A5,DAXX,DDB2,DDR2,DDX3X,DICER1,DIS3,DIS3L2,DKC1,DMD,DNM2,DNMT1,DNMT3A,DNMT3B,DOT1L,DPYD,DYNC2H1,E2F1,E2F2,E2F3,E2F4,E2F5,E2F6,EBF1,ECT2L,EED,EGF,EGFL7,EGFR,EGLN1,ELF3,ELOC,EMSY,ENG,EP300,EPCAM,EPHA2,EPHA3,EPHA5,EPHA7,EPHB1,EPHB2,EPOR,ERBB2,ERBB3,ERBB4,ERCC1,ERCC2,ERCC3,ERCC4,ERCC5,ERCC6,ERG,ERRFI1,ESR1,ESR2,ETS1,ETS2,ETV1,ETV4,ETV5,ETV6,EWSR1,EXT2,EZH2,FAM46C,FANCA,FANCB,FANCC,FANCD2,FANCE,FANCF,FANCG,FANCI,FANCL,FANCM,FAS,FAT1,FBXO11,FBXW7,FCGR2A,FCGR3A,FDPS,FGF1,FGF10,FGF14,FGF19,FGF2,FGF23,FGF3,FGF4,FGF5,FGF6,FGF7,FGF8,FGF9,FGFR1,FGFR2,FGFR3,FGFR4,FH,FHIT,FLCN,FLG,FLT1,FLT3,FLT4,FNTB,FOXA1,FOXL2,FOXO1,FOXO3,FOXP1,FOXQ1,FRS2,FUBP1,FUS,FYN,G6PD,GABRA6,GALNT12,GATA1,GATA2,GATA3,GATA4,GATA6,GEN1,GID4,GLI1,GLI2,GLI3,GNA11,GNA13,GNAQ,GNAS,GPC3,GPER1,GPS2,GREM1,GRIN2A,GRM3,GSK3B,GSTP1,H3F3A,H3F3C,HAS3,HAVCR2,HDAC1,HDAC2,HDAC3,HDAC4,HDAC5,HGF,HIF1A,HIST1H1C,HIST1H1E,HIST1H2BD,HIST1H3F,HIST1H4E,HIST3H3,HLA-A,HLA-B,HLA-C,HLA-DMA,HLA-DMB,HLA-DOA,HLA-DOB,HLA-DPA1,HLA-DPB1,HLA-DQA1,HLA-DQA2,HLA-DQB1,HLA-DQB2,HLA-DRA,HLA-DRB1,HLA-DRB5,HLA-E,HLA-F,HLA-G,HNF1A,HNF1B,HOXB13,HRAS,HSD3B1,HSP90AA1,HSPH1,IDH1,IDH2,IDO1,IFIT1,IFIT2,IFIT3,IFNAR1,IFNAR2,IFNGR1,IFNGR2,IFNL3,IGF1,IGF1R,IGF2,IKBKE,IKZF1,IKZF3,IL10RA,IL15,IL2RA,IL6R,IL7R,ING1,INHBA,INPP4A,INPP4B,INPPL1,INSR,IRF1,IRF2,IRF4,IRS1,IRS2,ITPKB,JAK1,JAK2,JAK3,JUN,KAT6A,KDM5A,KDM5C,KDM6A,KDM6B,KDR,KEAP1,KEL,KIF1B,KIT,KLF4,KLHL6,KLLN,KMT2A,KMT2B,KMT2C,KMT2D,KRAS,LAG3,LATS1,LATS2,LDLR,LEF1,LMNA,LMO1,LRP1B,LYN,LZTR1,MAD2L2,MAF,MAFB,MAGI2,MALT1,MAP2K1,MAP2K2,MAP2K4,MAP3K1,MAP3K7,MAPK1,MAX,MC1R,MCL1,MDC1,MDM2,MDM4,MECOM,MED1,MED12,MEF2B,MEN1,MET,MGA,MGMT,MIB1,MITF,MKI67,MLH1,MLH3,MLLT3,MPL,MRE11,MS4A1,MSH2,MSH3,MSH6,MST1,MST1R,MTA1,MTAP,MTHFR,MTOR,MTRR,MUTYH,MYB,MYC,MYCL,MYCN,MYD88,MYH11,MYOD1,NBN,NCOA3,NCOR1,NCOR2,NEGR1,NF1,NF2,NFE2L2,NFKBIA,NHP2,NKX2-1,NKX3-1,NOTCH1,NOTCH2,NOTCH3,NOTCH4,NPM1,NQO1,NRAS,NRG1,NRIP1,NSD1,NSD2,NT5C2,NTHL1,NTRK1,NTRK2,NTRK3,NUDT15,NUP93,NUP98,P2RY8,PA2G4,PAK1,PAK3,PAK5,PALB2,PALLD,PARK2,PARP1,PAX5,PAX7,PAX8,PBRM1,PCBP1,PDCD1,PDCD1LG2,PDGFRA,PDGFRB,PDK1,PDPK1,PELP1,PGR,PHB2,PHF6,PHOX2B,PIAS4,PIK3C2B,PIK3C2G,PIK3C3,PIK3CA,PIK3CB,PIK3CD,PIK3CG,PIK3R1,PIK3R2,PIK3R3,PIM1,PLCG2,PLK2,PML,PMS1,PMS2,PNRC1,POLD1,POLE,POLH,POT1,POU2F2,PPP1CA,PPP1CB,PPP1CC,PPP1R15A,PPP2CA,PPP2CB,PPP2R1A,PPP2R1B,PPP2R2A,PPP6C,PRAME,PRCC,PRDM1,PREX2,PRF1,PRKAR1A,PRKCI,PRKCZ,PRKDC,PRPF40B,PRSS1,PRSS2,PRSS8,PTCH1,PTCH2,PTEN,PTK2,PTPN11,PTPN13,PTPN22,PTPRD,QKI,RAB35,RAC1,RAD21,RAD50,RAD51,RAD51B,RAD51C,RAD51D,RAD52,RAD54L,RAF1,RANBP2,RARA,RASA1,RB1,RBL1,RBL2,RBM10,RECQL4,REL,RET,RHOA,RHPN2,RICTOR,RINT1,RIT1,RNF139,RNF43,ROS1,RPL5,RPS15,RPS6KA4,RPS6KB1,RPS6KB2,RPTOR,RSF1,RUNX1,RUNX1T1,RXRA,SCG5,SDHA,SDHAF2,SDHB,SDHC,SDHD,SEC23B,SEMA3C,SETBP1,SETD2,SF1,SF3B1,SGK1,SH2B3,SH2D1A,SHQ1,SKP1,SLC26A3,SLC47A2,SLIT2,SLX4,SMAD2,SMAD3,SMAD4,SMARCA1,SMARCA4,SMARCB1,SMARCE1,SMC1A,SMC3,SMO,SNCAIP,SOCS1,SOD2,SOX10,SOX17,SOX2,SOX9,SPEN,SPINK1,SPOP,SPRED1,SPTA1,SQSTM1,SRC,SRSF2,STAG1,STAG2,STAT3,STAT4,STAT5A,STAT5B,STAT6,STK11,SUFU,SUZ12,SYK,TAF1,TANC1,TAP1,TAP2,TBC1D12,TBL1XR1,TBX3,TCF3,TCF7L2,TCL1A,TERT,TET1,TET2,TFDP1,TFF1,TGFBR1,TGFBR2,TIGIT,TLR4,TMEM127,TMEM173,TMPRSS2,TNF,TNFAIP3,TNFRSF14,TNFRSF17,TNFRSF9,TOP1,TOP2A,TP53,TP63,TPM1,TPMT,TPRX1,TRAF2,TRAF3,TRAF7,TSC1,TSC2,TSHR,TUSC3,TYMS,U2AF1,UBE2T,UMPS,UPF1,VEGFA,VHL,VSIR,WEE1,WISP3,WNT7A,WRN,WT1,XPA,XPC,XPO1,XRCC1,XRCC2,XRCC3,YAP1,YEATS4,ZBTB2,ZFHX3,ZNF217,ZNF471,ZNF620,ZNF703,ZNF750,ZNRF3,ZRSR2",NeST,"ABCB1,AJUBA,ARHGAP35,BCL10,C11orf65,C3orf70,CADM2,CBFB,CBLC,CRLF2,DDR2,DIS3L2,DYNC2H1,ECT2L,ELF3,ETS2,ETV1,ETV6,FAT1,FDPS,FGF14,FGF3,FGF4,FGF6,FGF8,FGF9,FHIT,FLCN,FNTB,FOXQ1,G6PD,GABRA6,GATA2,GATA4,GATA6,GLI1,GLI2,GLI3,GPER1,GRM3,HAS3,HOXB13,HSD3B1,IDH2,IFNL3,INPP4A,INPP4B,KDM6B,KEL,KLLN,LATS2,LMO1,LRP1B,LZTR1,MAF,MALT1,MEF2B,MITF,MST1R,MTAP,MTHFR,MTRR,NOTCH3,NQO1,NRG1,NT5C2,NTHL1,NTRK1,NTRK2,NUDT15,PAX5,PAX7,PAX8,PDK1,PIK3C2B,PIK3C2G,PIM1,PRSS2,PTCH1,PTCH2,RNF139,RNF43,ROS1,RPS6KA4,RPS6KB2,SCG5,SDHAF2,SDHC,SDHD,SEMA3C,SGK1,SLC26A3,SLC47A2,SMO,SNCAIP,SOX10,SOX9,SPINK1,SPOP,SUFU,TANC1,TCL1A,TET1,TFF1,TMPRSS2,TPRX1,TSHR,WISP3,WNT7A,ZFHX3,ZNF620,ZNF703,ZNRF3",NeST,NEST,NeST,2.856124444,718,113
"EGFR,IGF1R,INSR,IRS1,PDPK1,PTEN",EGFR-insulin receptor cross-talk,"EGFR,IGF1R,INSR,IRS1,PDPK1,PTEN",EGFR-insulin receptor cross-talk,NEST:254,EGFR-insulin receptor cross-talk,0.7781512503836436,6,6
"ABL1,AKT1,ARAF,BCAR1,BCR,BRAF,BTK,CBL,CBLB,CDKN1B,CRKL,CSF3R,EGF,EGFR,EPHB2,ERBB2,ERBB3,ERBB4,FGFR1,FRS2,FYN,GSK3B,HLA-A,HRAS,IFNAR1,IFNAR2,IFNGR1,INPPL1,IRS1,JAK1,JAK2,KRAS,MAP2K1,MAP2K2,MAPK1,NRAS,PDGFRA,PIK3R1,PLCG2,PTK2,PTPN11,RAF1,RASA1,RET,SRC,STAT3,STAT5A,STAT5B,STAT6,SYK,TNF,TP53,TSC2",Transmembrane RTK signaling,"ABL1,AKT1,BCAR1,BTK,CDKN1B,CRKL,EPHB2,FYN,GSK3B,HLA-A,IFNAR1,IFNAR2,IFNGR1,MAP2K2,NRAS,PTK2,RASA1,SRC,STAT5B,STAT6,SYK,TNF,TP53,TSC2",Transmembrane receptor tyrosine kinase signaling,NEST:38,Transmembrane receptor tyrosine kinase signaling,1.724275869600789,53,24
"C8orf34,CBL,FBXO11,GALNT12,MYOD1,TPM1",Structural constituent of muscle,FBXO11,Structural constituent of muscle,NEST:22,Structural constituent of muscle,0.7781512503836436,6,1
"AXL,B2M,BIRC3,BTK,CARD11,CD19,CD22,CD274,CD40,CD70,CD79A,CD79B,CIITA,CSF1R,CSF3R,CTLA4,CXCR4,CYLD,FAM46C,FAS,FCGR2A,FCGR3A,FLT3,FOXP1,FYN,GATA3,HAVCR2,HGF,HLA-A,HLA-B,HLA-C,HLA-DMA,HLA-DMB,HLA-DOA,HLA-DOB,HLA-DPA1,HLA-DPB1,HLA-DQA1,HLA-DQA2,HLA-DQB1,HLA-DQB2,HLA-DRA,HLA-DRB1,HLA-DRB5,HLA-E,HLA-F,HLA-G,IDO1,IFNGR2,IGF1,IKBKE,IKZF1,IKZF3,IL10RA,IL15,IL2RA,IL6R,IL7R,IRF1,IRF4,JAK2,JAK3,KIT,KLHL6,LAG3,LYN,MAFB,MS4A1,MYD88,NFKBIA,NKX2-1,NTRK3,P2RY8,PCBP1,PDCD1,PDCD1LG2,PHOX2B,PIK3CD,PIK3CG,PLCG2,POU2F2,PRDM1,PRF1,PTPN22,SH2D1A,SOD2,STAT4,STAT5A,SYK,TAP1,TAP2,TIGIT,TLR4,TMEM173,TNFAIP3,TNFRSF14,TNFRSF17,TNFRSF9,VSIR",Immune system,"AXL,CSF3R,CYLD,FAM46C,FAS,FOXP1,HGF,IFNGR2,IGF1,IKBKE,IL10RA,IL2RA,IL6R,JAK2,MAFB,MYD88,NFKBIA,NKX2-1,NTRK3,PCBP1,PIK3CG,PLCG2,POU2F2,PRDM1,SOD2,STAT5A,TLR4,TMEM173,TNFAIP3,VSIR",Immune system,NEST:8,Immune system,1.995635195,99,30
"ABCC3,APOB,ATP7B,CD276,CYP1B1,CYP2D6,CYP3A5,FGF19,FGF23,GATA1,GPC3,HGF,HNF1A,HNF1B,IDH1,MST1,SPTA1,TPMT",Metabolism,"ABCC3,FGF19,FGF23,GATA1,HGF,SPTA1",Metabolism,NEST:7,Metabolism,1.255272505103306,18,6
"ABL1,ABL2,ACTA2,ADGRA2,ARHGAP26,ARID5B,BCL2L12,CASR,CBL,CBLB,CBR3,CD276,CDH1,CHEK2,CSF1R,CUL3,DMD,DNM2,DPYD,EBF1,EGF,EGFR,ENG,EPCAM,ERG,ERRFI1,ESR1,EXT2,FANCC,FCGR2A,FGF10,FGF19,FGF23,FLT1,FLT4,FOXA1,FOXP1,GNA11,GNA13,GNAQ,GNAS,GPC3,GREM1,HSP90AA1,IL2RA,INHBA,KDR,LATS1,LMNA,MAPK1,MYH11,NEGR1,NF2,NFE2L2,NOTCH4,PAK1,PAK3,PAK5,PALLD,PDGFRA,PDGFRB,PIK3CA,PIK3R1,PLK2,PPP1CB,PREX2,QKI,RAC1,RET,RHOA,RHPN2,SETBP1,SH2B3,SLIT2,SOX17,SPRED1,TNF,TPM1,VEGFA,VSIR",Cell motility,"ABL1,ABL2,BCL2L12,CBLB,CSF1R,CUL3,ERRFI1,EXT2,FGF23,FOXP1,GPC3,IL2RA,NF2,PAK5,PDGFRA,PLK2,QKI",Cell motility,NEST:5,Cell motility,1.9030899869919435,80,17
"EPHA2,EPHA3,EPHA5,EPHA7,EPHB1,EPHB2,PTPRD,SLIT2",Ephrin receptor activity,"EPHA2,EPHA3,EPHA5,EPHA7,EPHB1,EPHB2,PTPRD,SLIT2",Ephrin receptor activity,NEST:97,Ephrin receptor activity,0.9030899869919435,8,8
"CSF3R,EPOR,IFNAR2,IL6R,IRS1,IRS2,JAK1,JAK2,JAK3,PIK3R1,PTPN11,SOCS1,STAT3,STAT5A,STAT5B,STAT6",JAK-STAT signaling,"CSF3R,EPOR,IFNAR2,IL6R,IRS1,IRS2,JAK1,JAK2,JAK3,PIK3R1,PTPN11,SOCS1,STAT3,STAT5A,STAT5B,STAT6",JAK-STAT signaling pathway,NEST:84,JAK-STAT signaling pathway,1.2041199826559248,16,16
"IFIT1,IFIT2,IFIT3,IRF2,PML,TAP1,TAP2,TNF",Interferon signaling,IRF2,Interferon signaling,NEST:36,Interferon signaling,0.9030899869919435,8,1
"ADGRA2,EGFL7,ENG,ERG,ETS1,FLT1,FLT4,KDR,NOTCH4,SH2B3,SOX17,TMEM127,VEGFA,VSIR",NEST:29,"ADGRA2,EGFL7,ENG,ETS1,SOX17,TMEM127",NEST:29,NEST:29,NEST:29,1.146128035678238,14,6
"AKT1,ARAF,BRAF,CCDC6,MYC,PPP2CA,PPP2CB,PPP2R1A,PPP2R1B,PPP2R2A,PPP6C,RAF1",Integrator-PP2A complex,"AKT1,ARAF,BRAF,CCDC6,MYC,PPP6C,RAF1",Integrator-PP2A complex,NEST:53,Integrator-PP2A complex,1.0791812460476249,12,7
"BTG1,CDK8,DICER1,ESR1,FBXW7,MED1,MED12,PNRC1,RARA",Mediator/CCR-NOT complex,"BTG1,DICER1,PNRC1",Mediator/CCR-NOT complex,NEST:45,Mediator/CCR-NOT complex,0.9542425094393249,9,3
"AR,ARID1A,ATM,ATR,AURKA,AURKB,BARD1,BCL11B,BLM,BRCA1,BRCA2,BRD4,BRIP1,BUB1B,CCND1,CCND2,CCND3,CCNE1,CCNE2,CDC25A,CDC73,CDK4,CDK5,CDK6,CDKN1A,CDKN1B,CDKN1C,CDKN2A,CDKN2B,CDKN2C,CHD4,CHEK1,CHEK2,CKS1B,CREBBP,CTNNB1,DAXX,DNMT1,DNMT3A,DNMT3B,E2F1,E2F2,E2F4,E2F5,EED,EMSY,EP300,EZH2,FANCA,FANCC,FANCD2,FANCE,FANCG,FANCI,FANCL,FANCM,H3F3A,HDAC1,HDAC2,HDAC3,HIF1A,HIST3H3,HLA-A,IKZF1,ING1,IRF2,JUN,KDM5A,MDC1,MDM2,MDM4,MKI67,MLH1,MLH3,MRE11,MSH2,MSH3,MSH6,MTA1,MYB,MYC,NBN,NPM1,PALB2,PARP1,PML,PMS1,PMS2,POLD1,POLE,POLH,PPP1CA,PPP1CC,PRKDC,RAD50,RAD51,RAD51B,RAD51C,RAD51D,RAD54L,RB1,RBL1,RBL2,REL,RUNX1,SMAD2,SMARCA4,SMARCB1,SMARCE1,SMC3,SOX2,STAT3,TAF1,TERT,TFDP1,TNF,TOP2A,TP53,TP63,TYMS,UBE2T,WRN,XPC,XRCC1,XRCC2,XRCC3,YEATS4,ZBTB2",Cell cycle,"ARID1A,BRD4,CDC25A,DNMT3A,DNMT3B,EED,EMSY,FANCC,FANCE,FANCG,FANCI,FANCL,FANCM,HDAC3,HIF1A,KDM5A,PPP1CA,PPP1CC,PRKDC,RAD54L,SMARCB1,SMARCE1,SMC3,SOX2,STAT3,TNF,TYMS,UBE2T,XPC,XRCC1,YEATS4",Cell cycle,NEST:15,Cell cycle,2.1072099696478683,128,31
"ANKRD11,AR,ARID1A,ARID1B,ARID2,ASNS,ASXL1,ASXL2,ATIC,ATM,ATR,ATRX,BAP1,BARD1,BCL11B,BCL6,BCL7A,BCLAF1,BCOR,BCORL1,BRD4,CASP8,CCDC6,CDC73,CDK12,CDK8,CDKN1A,CHD2,CHD4,CHEK2,CREBBP,CTCF,CTNNB1,CUL3,CUX1,DAXX,DDX3X,DIS3,DKC1,DNMT1,DNMT3A,DNMT3B,DOT1L,E2F1,E2F6,EED,ELOC,EMSY,EP300,ERCC2,ERCC3,ERCC5,ERCC6,ESR1,EWSR1,EZH2,FANCD2,FBXW7,FOXL2,FUBP1,FUS,GATA1,GATA3,GPS2,GSTP1,H3F3A,H3F3C,HDAC1,HDAC2,HDAC3,HDAC4,HDAC5,HIST1H1C,HIST1H1E,HIST3H3,HRAS,HSP90AA1,ING1,IRF2,KAT6A,KDM5A,KDM6A,KMT2A,KMT2B,KMT2C,KMT2D,LATS1,MAGI2,MAP3K7,MAX,MDM2,MDM4,MED1,MED12,MEN1,MGA,MLLT3,MSH3,MTA1,MYB,MYC,MYCL,MYCN,NCOA3,NCOR1,NCOR2,NF1,NHP2,NPM1,NSD1,NSD2,NUP93,NUP98,PA2G4,PALB2,PARP1,PBRM1,PCBP1,PELP1,PHB2,PHF6,PIAS4,PML,PNRC1,POT1,PPP1CA,PPP1CC,PPP2CA,PPP2CB,PPP2R1A,PPP2R2A,PRCC,PRDM1,PRKCZ,PRKDC,PRPF40B,PTPN11,RAD21,RAD50,RAF1,RANBP2,RARA,RB1,RBL1,RBM10,REL,RHOA,RPL5,RPS15,RSF1,RUNX1,RUNX1T1,RXRA,SETD2,SF1,SF3B1,SHQ1,SKP1,SLX4,SMAD2,SMARCA1,SMARCA4,SMARCB1,SMARCE1,SMC1A,SMC3,SOX2,SPEN,SRSF2,STAG1,STAG2,TAF1,TBL1XR1,TCF3,TERT,TFDP1,TNF,TOP1,TOP2A,TP53,U2AF1,UMPS,UPF1,VHL,WRN,WT1,XPA,XPC,XPO1,XRCC1,YEATS4,ZBTB2,ZNF217,ZRSR2",Regulation of biogenesis,"CCDC6,CUL3,ELOC,H3F3A,H3F3C,HSP90AA1,PCBP1,PIAS4,PNRC1,POT1,PPP2R2A,PRKCZ,RAD50,RAF1,RXRA,SKP1,SLX4",Regulation of biogenesis,NEST:4,Regulation of biogenesis,2.287801729930226,194,17
"CREBBP,HDAC1,SMAD2,SMAD3,SMAD4,TGFBR1",SMAD-TGFbeta signaling,"CREBBP,HDAC1,SMAD2,SMAD3,SMAD4,TGFBR1",SMAD-TGFbeta signaling,NEST:146,SMAD-TGFbeta signaling,0.7781512503836436,6,6
"ATM,ATR,BLM,BRCA1,XPA,XPC",RPA complex associated proteins,"ATM,ATR,BLM,BRCA1,XPA,XPC",RPA complex associated proteins,NEST:134,RPA complex associated proteins,0.7781512503836436,6,6
"ERCC1,ERCC4,MLH1,MLH3,MSH2,MSH3,MSH6,PMS1,PMS2,SLX4",Extended mismatch repair complex,"ERCC1,ERCC4,MLH1,MLH3,MSH2,MSH3,MSH6,PMS1,PMS2,SLX4",Extended mismatch repair complex,NEST:125,Extended mismatch repair complex,1,10,10
"CCND1,CCND2,CCND3,CCNE1,CCNE2,CDK4,CDK5,CDK6,CDKN1A,CDKN1B,CDKN1C,CDKN2A,CDKN2B,CDKN2C,CKS1B,E2F1,E2F2,E2F3,E2F4,E2F5,HLA-A,MDM2,RB1,RBL1,RBL2,TFDP1,TP53",Cyclin D associated events in G1,,Cyclin D associated events in G1,NEST:58,Cyclin D associated events in G1,1.4313637641589874,27,
"BCLAF1,CASP8,CDC73,CHEK2,CREBBP,CTCF,DDX3X,DKC1,EP300,EWSR1,FUS,HRAS,MDM2,NHP2,NPM1,PA2G4,PRPF40B,RBM10,RPL5,RPS15,SF1,SF3B1,SRSF2,TERT,TNF,TP53,U2AF1,UPF1,XPC,ZRSR2",Ribo- nucleoprotein complexes II,"CHEK2,CTCF,DDX3X,DKC1,EP300,HRAS,MDM2,NHP2,NPM1,PA2G4,RPL5,RPS15,TERT,TP53,XPC",Ribonucleoprotein complexes II,NEST:17,Ribonucleoprotein complexes II,1.4771212547196624,30,15
"ASNS,ATIC,CDC73,CDK8,CHEK2,CTCF,DDX3X,DIS3,DKC1,FOXL2,FUS,GSTP1,HDAC1,HRAS,NHP2,NPM1,NSD2,PA2G4,PELP1,PHB2,PPP2CA,PPP2CB,RHOA,RPL5,RPS15,SF3B1,SHQ1,TERT,TNF,TOP2A,UMPS,UPF1,VHL,XPC",Ribo- nucleoprotein complexes,"ATIC,CDK8,GSTP1,HDAC1,PPP2CA,PPP2CB,TOP2A,UMPS,UPF1,VHL",Ribonucleoprotein complexes,NEST:9,Ribonucleoprotein complexes,1.5314789170422551,34,10
"ANKRD11,AR,ARID1A,ARID1B,ARID2,ASXL1,ASXL2,ATM,ATR,ATRX,BAP1,BARD1,BCL11B,BCL6,BCL7A,BCLAF1,BCOR,BCORL1,BRD4,CASP8,CDC73,CDK12,CDK8,CHD2,CHD4,CREBBP,CTCF,CTNNB1,CUX1,DAXX,DDX3X,DKC1,DNMT1,DNMT3A,DNMT3B,DOT1L,E2F1,E2F6,EED,EMSY,EP300,ERCC2,ERCC3,ERCC5,ERCC6,ESR1,EWSR1,EZH2,FANCD2,FBXW7,FUBP1,FUS,GATA1,GATA3,HDAC1,HDAC2,HDAC3,HDAC5,HIST1H1E,HIST3H3,ING1,IRF2,KAT6A,KDM5A,KDM6A,KMT2A,KMT2B,KMT2C,KMT2D,LATS1,MAGI2,MAP3K7,MAX,MDM2,MED1,MED12,MEN1,MGA,MLLT3,MSH3,MTA1,MYB,MYC,MYCL,MYCN,NCOR1,NF1,NPM1,NSD1,NUP98,PALB2,PARP1,PBRM1,PHF6,PML,PPP1CA,PPP1CC,PPP2R1A,PRCC,PRDM1,PRKDC,PRPF40B,PTPN11,RAD21,RANBP2,RARA,RB1,RBL1,RBM10,REL,RSF1,RUNX1,SETD2,SF1,SF3B1,SMAD2,SMARCA1,SMARCA4,SMARCB1,SMARCE1,SMC1A,SMC3,SOX2,SPEN,SRSF2,STAG1,STAG2,TAF1,TBL1XR1,TERT,TFDP1,TNF,TOP1,TOP2A,TP53,U2AF1,UPF1,WRN,WT1,XPA,XPO1,XRCC1,YEATS4,ZBTB2,ZNF217,ZRSR2",Reg. of transcription,"ANKRD11,ASXL1,ATM,ATR,BAP1,CUX1,DOT1L,ERCC2,ERCC3,ERCC5,ERCC6,FANCD2,HDAC5,LATS1,MAP3K7,MLLT3,MSH3,NCOR1,NUP98,PPP1CA,PPP2R1A,WT1,XPA",Regulation of transcription,NEST:6,Regulation of transcription,2.164352855784437,146,23
"AKT1,AR,CDKN1B,CREBBP,EP300,FOXO3,RARA,SMAD4,SMARCB1,VHL",CBP and p300 binds NF-kB complex,"AKT1,AR,CDKN1B,CREBBP,EP300,FOXO3,RARA,SMAD4,SMARCB1,VHL",CBP and p300 binds NF-kB complex,NEST:168,CBP and p300 binds NF-kB complex,1,10,10
"CHEK2,CREBBP,CTNNB1,EP300,HDAC2,HDAC3,KAT6A,KMT2A,TCF3,TP53",NEST:126,"CHEK2,CREBBP,CTNNB1,EP300,HDAC2,HDAC3,KAT6A,KMT2A,TCF3,TP53",NEST:126,NEST:126,NEST:126,1,10,10
"ANKRD11,AR,BCL6,CREBBP,GPS2,HDAC1,HDAC2,HDAC3,HDAC4,HDAC5,NCOA3,NCOR1,NCOR2,PML,RUNX1T1,TBL1XR1",Histone deacetylation,"AR,BCL6,HDAC1,HDAC2,HDAC4,HDAC5,RUNX1T1",HDACs deacetylate histones,NEST:107,HDACs deacetylate histones,1.2041199826559248,16,7
"DAXX,GATA3,NUP93,NUP98,RANBP2,TERT,XPO1",Nuclear transport,GATA3,Nuclear transport,NEST:44,Nuclear transport,0.8450980400142568,7,1
"CDC73,CHD2,DNMT3A,KMT2A,PPP1CC,PTPN11,SETD2,TERT",Transcription elongation,"CDC73,CHD2,DNMT3A,KMT2A,PPP1CC,PTPN11,SETD2,TERT",Transcription elongation,NEST:42,Transcription elongation,0.9030899869919435,8,8
"RAD21,SMC1A,SMC3,STAG1,STAG2",Cohesin complex,"RAD21,SMC1A,SMC3,STAG1,STAG2",Cohesin complex,NEST:196,Cohesin complex,0.6989700043360189,5,5
"ANKRD11,GPS2,HDAC3,NCOR1,NCOR2,PML,TBL1XR1",NEST:163,"ANKRD11,GPS2,HDAC3,NCOR1,NCOR2,PML,TBL1XR1",NEST:163,NEST:163,NEST:163,0.8450980400142568,7,7
"PPP2CA,PPP2CB,PPP2R1A,PPP2R1B,PPP2R2A",Phosphatase 2A catalytic subunit,"PPP2CA,PPP2CB,PPP2R1A,PPP2R1B,PPP2R2A",Phosphatase 2A catalytic subunit,NEST:170,Phosphatase 2A catalytic subunit,0.6989700043360189,5,5
"CCND1,CCND2,CCND3,CCNE1,CCNE2,CDK4,CDK6,CDKN1A,CDKN1B,CDKN2A,CDKN2B,CDKN2C,TP53",G1 to S cell cycle control,"CCND1,CCND2,CCND3,CCNE1,CCNE2,CDK4,CDK6,CDKN1A,CDKN1B,CDKN2A,CDKN2B,CDKN2C,TP53",G1 to S cell cycle control,NEST:150,G1 to S cell cycle control,1.1139433523068367,13,13
"APC,AXIN1,CTNNB1,GSK3B,HLA-A",Beta-catenin destruction complex,"APC,AXIN1,CTNNB1,GSK3B,HLA-A",Beta-catenin destruction complex,NEST:239,Beta-catenin destruction complex,0.6989700043360189,5,5
"CASP8,DAXX,FAS,MAP2K4,MAPK1,PARP1,TP53",Intrinsic apoptosis,"CASP8,DAXX,FAS,MAP2K4,MAPK1,PARP1,TP53",Intrinsic pathway for apoptosis,NEST:127,Intrinsic pathway for apoptosis,0.8450980400142568,7,7
"ANKRD11,BCL6,CEBPA,CREBBP,ESR2,GPS2,HDAC3,HDAC5,NCOA3,NCOR1,NCOR2,NRIP1,PGR,RARA,RUNX1T1,RXRA,TBL1XR1",Nuclear receptor transcription,"BCL6,CEBPA,ESR2,GPS2,HDAC3,HDAC5,NRIP1,PGR,RARA,RUNX1T1,RXRA,TBL1XR1",Nuclear receptor transcription pathway,NEST:60,Nuclear receptor transcription pathway,1.2304489213782739,17,12
"BARD1,BLM,BRCA1,BRCA2,BUB1B,FANCD2,RAD51,RAD51C,TP53",Resolution of D-loop structures,"BARD1,BLM,BRCA1,BRCA2,BUB1B,FANCD2,RAD51,RAD51C,TP53",Resolution of D-loop structures,NEST:193,Resolution of D-loop structures,0.9542425094393249,9,9
"CUL3,DDB2,ELOC,MDM2,NF2,STK11,TET2,VHL",COP9 signalosome/ Cul4-RING ubiquitin E3 ligase complex,"CUL3,DDB2,ELOC,MDM2,NF2,STK11,TET2,VHL",COP9 signalosome/Cul4-RING ubiquitin E3 ligase complex,NEST:61,COP9 signalosome/Cul4-RING ubiquitin E3 ligase complex,0.9030899869919435,8,8
"APC,CBL,CDH1,CDH2,CTNNA1,CTNNB1,EGF,EGFR,FYN,HDAC2",EGF/ beta-catenin signaling,"APC,CBL,CDH1,CDH2,CTNNA1,CTNNB1,EGF,EGFR,FYN,HDAC2",EGF/beta-catenin signaling,NEST:142,EGF/beta-catenin signaling,1,10,10
"ARFRP1,CALR,EGFR,SEC23B,TRAF3,TUSC3",Protein processing in ER,"ARFRP1,CALR,EGFR,SEC23B,TRAF3,TUSC3",Protein processing in endoplasmic reticulum,NEST:21,Protein processing in endoplasmic reticulum,0.7781512503836436,6,6
"APC,CBL,CDH1,CDH2,CTNNA1,CTNNB1,EGF,EGFR,ERBB2,FYN,HDAC1,HDAC2,SOX2,TCF7L2",Adherens junction,"HDAC1,SOX2",Adherens junction,NEST:108,Adherens junction,1.146128035678238,14,2
"BCR,CBL,CBLB,CSF3R,EGF,EGFR,ERBB2,ERBB3,ERBB4,FRS2,INPPL1,IRS1,JAK1,JAK2,PDGFRA,PIK3R1,PLCG2,PTPN11,RET,STAT3,STAT5A",Erb and JAK-STAT signaling,"BCR,CBL,CBLB,CSF3R,EGF,EGFR,ERBB2,ERBB3,ERBB4,FRS2,INPPL1,IRS1,JAK1,JAK2,PDGFRA,PIK3R1,PLCG2,PTPN11,RET,STAT3,STAT5A",Erb and JAK-STAT signaling,NEST:89,Erb and JAK-STAT signaling,1.3222192947339193,21,21
"CUL3,ELOC,FBXW7,HSP90AA1,PARK2,SKP1,STK11,VHL",COP9 signalosome/ SCF ubiquitin E3 ligase complex,"CUL3,ELOC,FBXW7,HSP90AA1,PARK2,SKP1,STK11,VHL",COP9 signalosome/SCF ubiquitin E3 ligase complex,NEST:77,COP9 signalosome/SCF ubiquitin E3 ligase complex,0.9030899869919435,8,8
"EGF,EGFR,ERBB3,ERBB4,FGF1,FGF2,FGF5,FGF7,FRS2,IGF1,IGF2,MYC,RB1,TP53",EGF/FGF stim. of cell proliferation,"EGF,EGFR,ERBB3,ERBB4,FGF1,FGF2,FGF5,FGF7,FRS2,IGF1,IGF2,MYC,RB1,TP53",EGF/FGF stimulation of cell proliferation,NEST:132,EGF/FGF stimulation of cell proliferation,1.146128035678238,14,14
"ARFRP1,CALR,CFTR,EGFR,KRAS,NRAS,PIK3C3,PREX2,RAB35,RAC1,RINT1,SEC23B,TNF,TRAF3,TUSC3",Membrane trafficking,"CFTR,KRAS,NRAS,PIK3C3,PREX2,RAB35,RAC1,RINT1,TNF",Membrane trafficking,NEST:12,Membrane trafficking,1.1760912590556813,15,9
"ABL1,CBL,CRKL,CTNNB1,EGF,EGFR,ERBB2,MET,PIK3R1,PIK3R2,SOCS1",PIK3-EGFR signaling,"ABL1,CBL,CRKL,CTNNB1,EGF,EGFR,ERBB2,MET,PIK3R1,PIK3R2,SOCS1",PIK3-EGFR signaling,NEST:153,PIK3-EGFR signaling,1.0413926851582251,11,11
"BIRC3,CASP8,CD40,FAS,MAP3K7,PARP1,TNF,TNFAIP3,TNFRSF9,TP53,TRAF2,TRAF3",TNF signaling,"BIRC3,CASP8,CD40,FAS,MAP3K7,PARP1,TNF,TNFAIP3,TNFRSF9,TP53,TRAF2,TRAF3",TNF signaling pathway,NEST:83,TNF signaling pathway,1.0791812460476249,12,12
"AKT1,AKT2,AKT3,FOXO3,HSP90AA1,PDPK1,PIK3CB,PIK3CD,PRKCZ,PRKDC,PTEN",PIK3/AKT/PTEN signaling,"AKT1,AKT2,AKT3,FOXO3,HSP90AA1,PDPK1,PIK3CB,PIK3CD,PRKCZ,PRKDC,PTEN",PIK3/AKT/PTEN signaling,NEST:138,PIK3/AKT/PTEN signaling,1.0413926851582251,11,11
"AKT1,MAPK1,MTOR,PPP2R2A,RICTOR,RPS6KB1,RPTOR,SQSTM1",AKT/MTOR pathway II,"AKT1,MAPK1,MTOR,PPP2R2A,RICTOR,RPS6KB1,RPTOR,SQSTM1",AKT/MTOR pathway II,NEST:137,AKT/MTOR pathway II,0.9030899869919435,8,8
"ABL1,ACVR1B,AKT1,AKT2,AKT3,ALK,ALOX12B,AMER1,ANKRD11,APC,ARAF,ARFRP1,AURKB,AXIN1,AXIN2,BARD1,BCAR1,BCL2,BCL2L1,BCL2L11,BCL2L2,BCL6,BCLAF1,BCR,BIRC3,BMPR1A,BRAF,BRCA1,BTK,CALR,CASP8,CBL,CBLB,CCND1,CD40,CDC25A,CDH1,CDH2,CDKN1B,CEBPA,CFTR,CHEK2,CREBBP,CRKL,CSF3R,CTC1,CTNNA1,CTNNB1,CTRC,CUL3,DAXX,DDB2,EBF1,EGF,EGFR,EGLN1,ELOC,EP300,EPCAM,EPHB2,ERBB2,ERBB3,ERBB4,ESR2,ETV4,ETV5,FAS,FBXO11,FBXW7,FGF1,FGF2,FGF5,FGF7,FGFR1,FGFR2,FGFR3,FGFR4,FH,FLG,FOXO1,FOXO3,FRS2,FYN,GPS2,GSK3B,HDAC1,HDAC2,HDAC3,HDAC4,HDAC5,HLA-A,HRAS,HSP90AA1,IFNAR1,IFNAR2,IFNGR1,IGF1,IGF1R,IGF2,INPPL1,INSR,IRS1,IRS2,ITPKB,JAK1,JAK2,KDM5C,KEAP1,KLF4,KRAS,LDLR,MAP2K1,MAP2K2,MAP2K4,MAP3K1,MAP3K7,MAPK1,MCL1,MDM2,MDM4,MET,MIB1,MS4A1,MTOR,MYC,NCOA3,NCOR1,NCOR2,NF2,NFE2L2,NOTCH1,NOTCH2,NRAS,NRIP1,PARK2,PARP1,PDGFRA,PDPK1,PGR,PIAS4,PIK3C3,PIK3CA,PIK3CB,PIK3CD,PIK3R1,PIK3R2,PIK3R3,PLCG2,PPP1CA,PPP2R2A,PRAME,PREX2,PRKAR1A,PRKCI,PRKCZ,PRKDC,PRSS1,PRSS8,PTEN,PTK2,PTPN11,PTPN13,RAB35,RAC1,RAF1,RARA,RASA1,RB1,RET,RHOA,RICTOR,RINT1,RIT1,RPS6KB1,RPTOR,RUNX1T1,RXRA,SDHA,SDHB,SEC23B,SKP1,SMAD2,SMAD3,SMAD4,SOCS1,SOD2,SOX2,SQSTM1,SRC,STAT3,STAT5A,STAT5B,STAT6,STK11,SYK,TBC1D12,TBL1XR1,TBX3,TCF3,TCF7L2,TET2,TGFBR1,TGFBR2,TNF,TNFAIP3,TNFRSF9,TP53,TRAF2,TRAF3,TSC1,TSC2,TUSC3,VHL,YAP1,ZNF471,ZNF750",Other signaling processes,"BCLAF1,CTC1,CTRC,EP300,FGFR3,FH,ITPKB,KDM5C,KEAP1,LDLR,MAP3K1,NFE2L2,NOTCH1,NOTCH2,PRKAR1A,PRKCI,PRSS1,RHOA,SDHA,SDHB,TBC1D12,TCF3,YAP1,ZNF471",Other signaling processes,NEST:1,Other signaling processes,2.3344537511509307,216,24
"AMER1,AXIN1,CTNNB1,DAXX,MYC",Non-canonical Wnt signaling pathway,"AMER1,AXIN1,CTNNB1,DAXX,MYC",Non-canonical Wnt signaling pathway,NEST:221,Non-canonical Wnt signaling pathway,0.6989700043360189,5,5
"ARAF,BRAF,HRAS,KRAS,MAP2K1,MAPK1,RAF1",RAS-RAF-MAPK signaling,"ARAF,BRAF,HRAS,KRAS,MAP2K1,MAPK1,RAF1",RAS-RAF-MAPK signaling,NEST:212,RAS-RAF-MAPK signaling,0.8450980400142568,7,7
"ABL1,AKT1,ARAF,BRAF,CBL,CDC25A,CDKN1B,EGFR,HDAC4,HDAC5,HRAS,KRAS,MAP2K1,MAP2K2,MAPK1,MDM4,MYC,RAF1,STAT3,STAT5A,TNF,TSC1,TSC2",MAPK signaling,"ABL1,AKT1,CBL,CDKN1B,EGFR,MDM4,TNF,TSC1,TSC2",MAPK signaling,NEST:73,MAPK signaling,1.3617278360175928,23,9
"EGFR,ERBB2,FGFR1,FRS2,KRAS,STAT3",NEST:195,"EGFR,ERBB2,FGFR1,FRS2,KRAS,STAT3",NEST:195,NEST:195,NEST:195,0.7781512503836436,6,6
"CUL3,ELOC,FBXW7,HSP90AA1,MDM2,SKP1,STK11,TNF,VHL",Protein neddylation,"CUL3,ELOC,FBXW7,HSP90AA1,MDM2,SKP1,STK11,TNF,VHL",Protein neddylation,NEST:105,Protein neddylation,0.9542425094393249,9,9
"AKT1,APC,AXIN1,AXIN2,CTNNB1,GSK3B,HLA-A,PPP1CA",Extended beta-catenin destruction complex,"AKT1,AXIN2,PPP1CA",Extended beta-catenin destruction complex,NEST:174,Extended beta-catenin destruction complex,0.9030899869919435,8,3
"AURKB,CCND1,CUL3,DDB2,ELOC,ETV4,ETV5,FBXO11,FBXW7,HSP90AA1,MDM2,NF2,PARK2,PRAME,RIT1,SKP1,STK11,TET2,TNF,TP53,VHL",Ubiquitination and neddylation,"AURKB,CCND1,ETV4,ETV5,FBXO11,PRAME,RIT1,TP53",Ubiquitination and neddylation,NEST:32,Ubiquitination and neddylation,1.3222192947339193,21,8
"ARAF,BRAF,CDC25A,HDAC4,HDAC5,HRAS,KRAS,MAP2K1,MAP2K2,MAPK1,MYC,RAF1,STAT3,STAT5A",MAPK and MAP2K activation,"CDC25A,HDAC4,HDAC5,MAP2K2,MYC,STAT3,STAT5A",MAPK and MAP2K activation,NEST:104,MAPK and MAP2K activation,1.146128035678238,14,7
"APC,CTNNA1,CTNNB1,EGFR,ERBB2,HDAC2,TCF7L2",Beta-catenin-TCF complex,"APC,CTNNA1,CTNNB1,EGFR,ERBB2,HDAC2,TCF7L2",Beta-catenin-TCF complex,NEST:182,Beta-catenin-TCF complex,0.8450980400142568,7,7
"BCL2,BCL2L1,BCL2L11,BCL2L2,CASP8,FAS,IFNGR1,MCL1,MS4A1,PARP1,PTPN13,TBX3,TP53",Apoptosis,"BCL2,BCL2L1,BCL2L11,BCL2L2,CASP8,FAS,IFNGR1,MCL1,MS4A1,PARP1,PTPN13,TBX3,TP53",Apoptosis,NEST:47,Apoptosis,1.1139433523068367,13,13
"PIAS4,PTEN,SMAD2,SMAD3,SMAD4,TGFBR1,TGFBR2",TGF-beta pathway/SMAD protein complex,"PIAS4,PTEN,SMAD2,SMAD3,SMAD4,TGFBR1,TGFBR2",TGF-beta pathway/SMAD protein complex,NEST:81,TGF-beta pathway/SMAD protein complex,0.8450980400142568,7,7
"E2F1,E2F2,E2F4,MDM2,RB1,TFDP1,TP53",Oncogene induced senescence,"E2F1,E2F2,E2F4,MDM2,RB1,TFDP1,TP53",Oncogene induced senescence,NEST:199,Oncogene induced senescence,0.8450980400142568,7,7
"BCLAF1,CASP8,CDC73,CREBBP,EWSR1,FUS,PRPF40B,RBM10,SF1,SF3B1,SRSF2,TNF,U2AF1,UPF1,ZRSR2",Spliceosomal-snRNP complex,"BCLAF1,CASP8,CREBBP,EWSR1,FUS,SRSF2,TNF,U2AF1,UPF1",Spliceosomal-snRNP complex,NEST:26,Spliceosomal-snRNP complex,1.1760912590556813,15,9
"ERG,FLT1,FLT4,KDR,NOTCH4,SH2B3,VEGFA,VSIR",NEST:49,VSIR,NEST:49,NEST:49,NEST:49,0.9030899869919435,8,1
"BRCA1,CHEK1,EP300,HDAC1,IKZF1,JUN,MDM2,PARP1,PML,SMARCA4,TP53",Regulation of TP53,"BRCA1,CHEK1,EP300,HDAC1,IKZF1,JUN,MDM2,PARP1,PML,SMARCA4,TP53",Regulation of TP53 Activity,NEST:117,Regulation of TP53 Activity,1.0413926851582251,11,11
"C8orf34,CBL,GALNT12,MYOD1,TPM1",Contractile fiber,"C8orf34,CBL,GALNT12,MYOD1,TPM1",Contractile fiber,NEST:27,Contractile fiber,0.6989700043360189,5,5
"ACTA2,CD276,FANCC,FGF10,GREM1,PALLD,PDGFRB,TNF",Extracellular matrix,"CD276,GREM1",Extracellular matrix,NEST:31,Extracellular matrix,0.9030899869919435,8,2
"BCLAF1,CASP8,RBM10,SF1,SPEN,SRSF2,U2AF1",Regulation of mRNA processing,"BCLAF1,CASP8,RBM10,SF1,SPEN,SRSF2,U2AF1",Regulation of mRNA processing,NEST:39,Regulation of mRNA processing,0.8450980400142568,7,7
"B2M,HLA-A,HLA-B,HLA-C,HLA-E,HLA-F,HLA-G,TAP2",MHC class I including non-classical MHCs,"B2M,HLA-A,HLA-B,HLA-C,HLA-E,HLA-F,HLA-G,TAP2",MHC class I including non-classical MHCs,NEST:202,MHC class I including non-classical MHCs,0.9030899869919435,8,8
"CDC73,PRPF40B,RBM10,SF1,SF3B1,ZRSR2",Spliceosomal complex,"CDC73,PRPF40B,RBM10,SF1,SF3B1,ZRSR2",Spliceosomal complex,NEST:35,Spliceosomal complex,0.7781512503836436,6,6
"ACTA2,CASR,MYH11,PALLD,TPM1",Cell-extracellular matrix interactions,"ACTA2,CASR,MYH11,PALLD,TPM1",Cell-extracellular matrix interactions,NEST:54,Cell-extracellular matrix interactions,0.6989700043360189,5,5
"MYH11,NFE2L2,PIK3CA,PPP1CB,TPM1",Actin cytoskeleton,"MYH11,NFE2L2,PIK3CA,PPP1CB,TPM1",Actin cytoskeleton,NEST:48,Actin cytoskeleton,0.6989700043360189,5,5
"ACTA2,CBL,MYH11,PALLD,PIK3CA,PPP1CB,TNF,TPM1",Actin filaments,"ACTA2,PALLD,TNF",Actin filaments,NEST:40,Actin filaments,0.9030899869919435,8,3
"BRCA1,BRIP1,MLH1,PMS1,PMS2",MutL alpha/beta complex,"BRCA1,BRIP1,MLH1,PMS1,PMS2",MutL alpha/beta complex,NEST:277,MutL alpha/beta complex,0.6989700043360189,5,5
"MLH1,MSH2,MSH3,MSH6,PMS2",MutS homologs,"MLH1,MSH2,MSH3,MSH6,PMS2",MutS homologs,NEST:231,MutS homologs,0.6989700043360189,5,5
"BARD1,BLM,BRCA1,BRCA2,BUB1B,CHEK1,FANCD2,RAD51,RAD51C,TOP2A,TP53,WRN",Homologous recombination,"CHEK1,TOP2A,WRN",Homologous recombination,NEST:130,Homologous recombination,1.0791812460476249,12,3
"AURKA,AURKB,BUB1B,CHEK1,MKI67,RAD51,TOP2A",Chromosome centrometric region,"AURKA,AURKB,BUB1B,CHEK1,MKI67,RAD51,TOP2A",Chromosome centrometric region,NEST:59,Chromosome centrometric region,0.8450980400142568,7,7
"DAXX,NUP93,NUP98,RANBP2,TERT,XPO1",SUMOylation for nuclear transport,DAXX,SUMOylation for nuclear transport,NEST:69,SUMOylation for nuclear transport,0.7781512503836436,6,1
"CBL,MYH11,PIK3CA,PPP1CB,TPM1",Actin and actin-associated proteins,"CBL,MYH11,PIK3CA,PPP1CB,TPM1",Actin and actin-associated proteins,NEST:63,Actin and actin-associated proteins,0.6989700043360189,5,5
"IFIT1,IFIT2,IFIT3,PML,TAP1,TAP2,TNF",Type I interferon signaling pathway,"IFIT1,IFIT2,IFIT3,PML,TAP1,TAP2,TNF",Type I interferon signaling pathway,NEST:43,Type I interferon signaling pathway,0.8450980400142568,7,7
"ACTA2,FANCC,FGF10,PALLD,PDGFRB,TNF",ECM-cytoskeleton assembly,"ACTA2,FANCC,FGF10,PALLD,PDGFRB,TNF",ECM-cytoskeleton assembly,NEST:51,ECM-cytoskeleton assembly,0.7781512503836436,6,6
"CCND1,CCND2,CCND3,CCNE1,CCNE2,CDK4,CDK5,CDK6,CDKN1A,CDKN1B,CDKN1C,CDKN2A,CDKN2B,CDKN2C,CKS1B,HLA-A,TP53",CDK holoenzyme complex II,"CDK5,CDKN1C,CKS1B,HLA-A",CDK holoenzyme complex II,NEST:102,CDK holoenzyme complex II,1.2304489213782739,17,4
"E2F1,E2F4,RBL1,RBL2,TP53",RBL-TP53 complex,"E2F1,E2F4,RBL1,RBL2,TP53",RBL-TP53 complex,NEST:293,RBL-TP53 complex,0.6989700043360189,5,5
"CCND1,CCND2,CCND3,CCNE1,CCNE2,CDK4,CDK6,CDKN1A,CDKN1B,CDKN2A,CDKN2B,CDKN2C,CKS1B,RB1,TP53",CDK holoenzyme complex I,"CKS1B,RB1",CDK holoenzyme complex I,NEST:110,CDK holoenzyme complex I,1.1760912590556813,15,2
"BRCA1,BUB1B,CCND1,CCNE1,CDKN1A,CDKN1B,CDKN2A,CKS1B,CREBBP,CTNNB1,E2F1,EP300,HDAC1,HLA-A,MYC,RB1,RBL1,TOP2A,TP53",Reg. of CDK activity II,"BRCA1,BUB1B,CCND1,CCNE1,CDKN1B,CDKN2A,CKS1B,CTNNB1,E2F1,HDAC1,HLA-A,MYC,RB1,TOP2A",NEST:91,NEST:91,NEST:91,1.2787536009528289,19,14
"BCOR,BCORL1,E2F6,EED,EZH2,MGA,TFDP1,TNF",Extended PRC1 complex,"BCOR,BCORL1,E2F6,EED,EZH2,MGA,TFDP1,TNF",Extended PRC1 complex,NEST:82,Extended PRC1 complex,0.9030899869919435,8,8
"ERG,FLT1,FLT4,KDR,NOTCH4,SH2B3,VEGFA",NEST:80,"ERG,FLT1,FLT4,KDR,NOTCH4,SH2B3,VEGFA",NEST:80,NEST:80,NEST:80,0.8450980400142568,7,7
"ANKRD11,CREBBP,NCOA3,NCOR1,NCOR2",Regulation of androgen receptor signaling pathway,"ANKRD11,CREBBP,NCOA3,NCOR1,NCOR2",Regulation of androgen receptor signaling pathway,NEST:210,Regulation of androgen receptor signaling pathway,0.6989700043360189,5,5
"E2F1,E2F2,E2F3,E2F4,E2F5,MDM2,RB1,RBL1,RBL2,TFDP1,TP53",Reg. of E2F transcr. via DREAM,"E2F3,E2F5",Regulation of E2F transcription via DREAM complex,NEST:119,Regulation of E2F transcription via DREAM complex,1.0413926851582251,11,2
"EP300,KDM6A,KMT2A,KMT2B,KMT2D,MEN1",Histone methyltransferase subcomplex,"EP300,KDM6A,KMT2A,KMT2B,KMT2D,MEN1",Histone methyltransferase subcomplex,NEST:133,Histone methyltransferase subcomplex,0.7781512503836436,6,6
"ARID1A,ARID1B,ARID2,PBRM1,SMARCA4,SMARCB1,SMARCE1,SOX2",BAF (SWI/SNF) complex,"ARID1A,ARID1B,ARID2,PBRM1,SMARCA4,SMARCB1,SMARCE1,SOX2",BAF (SWI/SNF) complex,NEST:129,BAF (SWI/SNF) complex,0.9030899869919435,8,8
"E2F1,HIST3H3,MED1,TAF1,TP53",Transcription coactivator activity,"E2F1,HIST3H3,MED1,TAF1,TP53",Transcription coactivator activity,NEST:165,Transcription coactivator activity,0.6989700043360189,5,5
"NUP93,NUP98,RANBP2,TERT,XPO1",tRNA transport,"NUP93,NUP98,RANBP2,TERT,XPO1",tRNA transport,NEST:93,tRNA transport,0.6989700043360189,5,5
"ACTA2,ARHGAP26,CASR,CBL,CDH1,CHEK2,DNM2,EGFR,ESR1,GNA11,GNA13,GNAQ,GNAS,HSP90AA1,LATS1,LMNA,MAPK1,MYH11,NFE2L2,PAK1,PAK3,PALLD,PIK3CA,PIK3R1,PPP1CB,PREX2,RAC1,RHOA,RHPN2,SLIT2,SPRED1,TNF,TPM1",Cytoskeleton,"ARHGAP26,CDH1,CHEK2,DNM2,EGFR,ESR1,GNA11,GNA13,GNAQ,GNAS,HSP90AA1,LATS1,LMNA,MAPK1,PAK1,PAK3,PIK3R1,PREX2,RHOA,RHPN2,SLIT2,SPRED1",Cytoskeleton,NEST:14,Cytoskeleton,1.5185139398778875,33,22
"ATM,ATR,CDKN1A,CHEK2,MDM2,MDM4,RB1,TP53",MDM2-p53 pathway,"ATM,ATR,CDKN1A,CHEK2,MDM2,MDM4,RB1,TP53",MDM2-p53 pathway,NEST:186,MDM2-p53 pathway,0.9030899869919435,8,8
"CDKN1A,CREBBP,EP300,RBL1,TP53",TP53-regulated transcr. of cell cycle genes,"CDKN1A,CREBBP,EP300,RBL1,TP53",TP53 regulates transcription of cell cycle genes,NEST:177,TP53 regulates transcription of cell cycle genes,0.6989700043360189,5,5
"CASP8,CTCF,HIST1H1C,HIST1H1E,PARP1,XPC",Histone modifications in DNA damage response,"CASP8,CTCF,HIST1H1C,HIST1H1E,PARP1,XPC",Histone modifications in DNA damage response,NEST:158,Histone modifications in DNA damage response,0.7781512503836436,6,6
"DKC1,HDAC1,HDAC2,KAT6A,KDM5A,MAX,MYC,MYCL,MYCN,PALB2,TERT,TNF,UPF1,YEATS4",Histone acetyltransferase complex,"DKC1,HDAC1,HDAC2,KAT6A,KDM5A,MAX,MYC,MYCL,MYCN,PALB2,TERT,TNF,UPF1,YEATS4",Histone acetyltransferase complex,NEST:57,Histone acetyltransferase complex,1.146128035678238,14,14
"ARID1A,ARID1B,ARID2,ATRX,BARD1,BCL11B,BCL7A,BCLAF1,BRD4,CASP8,CDC73,CDK12,CHD2,CHD4,CREBBP,CTCF,CTNNB1,DDX3X,DNMT1,DNMT3A,DNMT3B,E2F1,EMSY,EP300,EWSR1,EZH2,FUBP1,FUS,GATA3,HDAC1,HDAC2,HDAC3,HIST1H1E,HIST3H3,ING1,IRF2,KDM5A,KDM6A,KMT2A,KMT2B,KMT2C,KMT2D,MAGI2,MDM2,MEN1,MTA1,MYC,PALB2,PARP1,PBRM1,PHF6,PPP1CC,PRCC,PRDM1,PRKDC,PRPF40B,PTPN11,RAD21,RANBP2,RB1,RBM10,RSF1,RUNX1,SF1,SF3B1,SMARCA1,SMARCA4,SMARCB1,SMARCE1,SMC1A,SMC3,SOX2,SPEN,SRSF2,STAG1,STAG2,TAF1,TERT,TNF,TOP1,TOP2A,TP53,U2AF1,UPF1,WRN,XPO1,XRCC1,YEATS4,ZBTB2,ZNF217,ZRSR2",mRNA processing,"ATRX,CDK12,CHD2,CTCF,HIST1H1E,MDM2,PPP1CC,PTPN11,RANBP2,RSF1,TAF1,TOP1,TOP2A,WRN,XPO1,XRCC1,YEATS4",mRNA processing,NEST:10,mRNA processing,1.9590413923210936,91,17
"ACTA2,CD276,DMD,DPYD,ENG,FANCC,FGF10,FOXA1,GREM1,INHBA,PALLD,PDGFRB,TNF",Extracellular matrix organization,"DMD,DPYD,ENG,FOXA1,INHBA",Extracellular matrix organization,NEST:20,Extracellular matrix organization,1.1139433523068367,13,5
"ADGRA2,ARID5B,CBR3,EBF1,EGF,EPCAM,ERG,FCGR2A,FGF10,FGF19,FLT1,FLT4,KDR,NEGR1,NOTCH4,PREX2,RET,SETBP1,SH2B3,SOX17,VEGFA,VSIR",NEST:16,"ADGRA2,ARID5B,CBR3,EBF1,EGF,EPCAM,FCGR2A,FGF10,FGF19,NEGR1,PREX2,RET,SETBP1,SOX17",NEST:16,NEST:16,NEST:16,1.3424226808222062,22,14
"CDK8,ESR1,FBXW7,MED1,MED12,RARA",Mediator complex,"CDK8,ESR1,FBXW7,MED1,MED12,RARA",Mediator complex,NEST:90,Mediator complex,0.7781512503836436,6,6
"AR,BCL6,CREBBP,EP300,HDAC1,HDAC2,KAT6A,MYC,PML,RUNX1,TBL1XR1,TERT,TNF,TP53,YEATS4",NEST:85,"AR,BCL6,CREBBP,EP300,HDAC1,HDAC2,KAT6A,MYC,PML,RUNX1,TBL1XR1,TERT,TNF,TP53,YEATS4",NEST:85,NEST:85,NEST:85,1.1760912590556813,15,15
"ASXL2,ATRX,CDK12,GATA1,MGA,NF1,NSD1,RSF1,SETD2,SPEN",NEST:78,"ASXL2,ATRX,CDK12,GATA1,MGA,NF1,NSD1,RSF1,SETD2,SPEN",NEST:78,NEST:78,NEST:78,1,10,10
"BCOR,BCORL1,CHD2,E2F6,EED,EZH2,MGA,TFDP1,TNF",PcG protein complex,CHD2,PcG protein complex,NEST:66,PcG protein complex,0.9542425094393249,9,1
"APOB,ATP7B,CD276,CYP1B1,CYP2D6,CYP3A5,GPC3,HNF1A,HNF1B,IDH1,MST1,TPMT",Metabolic pathways,"APOB,ATP7B,CD276,CYP1B1,CYP2D6,CYP3A5,GPC3,HNF1A,HNF1B,IDH1,MST1,TPMT",Metabolic pathways,NEST:11,Metabolic pathways,1.0791812460476249,12,12
"ACTA2,CASR,CBL,MYH11,NFE2L2,PALLD,PIK3CA,PPP1CB,RAC1,TNF,TPM1",Actin filament-based process,RAC1,Actin filament-based process,NEST:23,Actin filament-based process,1.0413926851582251,11,1
"CREBBP,DAXX,EP300,HDAC1,NPM1,PARP1,PML,RB1,TERT",PML body,"CREBBP,DAXX,EP300,HDAC1,NPM1,PARP1,PML,RB1,TERT",PML body,NEST:123,PML body,0.9542425094393249,9,9
"AR,CHD4,CREBBP,CTNNB1,DAXX,EP300,HDAC1,HDAC2,MYB,PML,RB1,RBL1,REL,SMAD2",AR signaling,"AR,CHD4,CREBBP,CTNNB1,DAXX,EP300,HDAC1,HDAC2,MYB,PML,RB1,RBL1,REL,SMAD2",Androgen receptor signaling pathway,NEST:112,Androgen receptor signaling pathway,1.146128035678238,14,14
"CDC73,CHEK2,DKC1,FUS,HRAS,NPM1,RHOA,RPL5,SF3B1,TERT,TNF,XPC",Ribosome abundance control,"CDC73,CHEK2,DKC1,FUS,HRAS,NPM1,RHOA,RPL5,SF3B1,TERT,TNF,XPC",Ribosome abundance control,NEST:33,Ribosome abundance control,1.0791812460476249,12,12
"ASNS,CHEK2,CTCF,DDX3X,DIS3,DKC1,FOXL2,HRAS,NHP2,NPM1,NSD2,PA2G4,PELP1,PHB2,RPL5,RPS15,SHQ1,XPC",Ribosome biogenesis,"ASNS,CHEK2,CTCF,DDX3X,DIS3,DKC1,FOXL2,HRAS,NHP2,NPM1,NSD2,PA2G4,PELP1,PHB2,RPL5,RPS15,SHQ1,XPC",Ribosome biogenesis,NEST:13,Ribosome biogenesis,1.255272505103306,18,18
"B2M,BTK,CD22,CD40,CIITA,CSF1R,CTLA4,FCGR2A,FCGR3A,FYN,HAVCR2,HLA-A,HLA-B,HLA-C,HLA-DMA,HLA-DMB,HLA-DOA,HLA-DPA1,HLA-DPB1,HLA-DQA1,HLA-DQB1,HLA-DRA,HLA-DRB1,HLA-DRB5,HLA-E,HLA-F,HLA-G,IKZF1,IKZF3,KIT,LYN,PDCD1,PIK3CD,PTPN22,SH2D1A,SYK,TAP1,TAP2,TIGIT",Lymphocyte activation,"BTK,CD22,CD40,CIITA,CSF1R,CTLA4,FCGR2A,FCGR3A,FYN,HAVCR2,HLA-DMA,HLA-DMB,HLA-DOA,HLA-DPA1,HLA-DPB1,HLA-DQA1,HLA-DQB1,HLA-DRA,HLA-DRB1,HLA-DRB5,IKZF1,IKZF3,KIT,LYN,PDCD1,PIK3CD,PTPN22,SH2D1A,SYK,TAP1,TIGIT",Lymphocyte activation,NEST:25,Lymphocyte activation,1.591064607026499,39,31
"B2M,BIRC3,CARD11,CD19,CD274,CD40,CD70,CD79A,CD79B,CIITA,CTLA4,CXCR4,FLT3,GATA3,HLA-A,HLA-B,HLA-C,HLA-DMA,HLA-DMB,HLA-DOA,HLA-DOB,HLA-DPA1,HLA-DPB1,HLA-DQA1,HLA-DQA2,HLA-DQB1,HLA-DQB2,HLA-DRA,HLA-DRB1,HLA-DRB5,HLA-E,HLA-F,HLA-G,IDO1,IKZF1,IKZF3,IL15,IL7R,IRF1,IRF4,JAK3,KLHL6,LAG3,MS4A1,P2RY8,PDCD1,PDCD1LG2,PHOX2B,PRF1,PTPN22,SH2D1A,STAT4,TAP2,TIGIT,TNFRSF14,TNFRSF17,TNFRSF9",Regulation of immune responses,"BIRC3,CARD11,CD19,CD274,CD40,CD70,CD79A,CD79B,CIITA,CTLA4,CXCR4,FLT3,GATA3,HLA-DMA,HLA-DMB,HLA-DOA,HLA-DOB,HLA-DPA1,HLA-DPB1,HLA-DQA1,HLA-DQA2,HLA-DQB1,HLA-DQB2,HLA-DRA,HLA-DRB1,HLA-DRB5,IDO1,IKZF1,IKZF3,IL15,IL7R,IRF1,IRF4,JAK3,KLHL6,LAG3,MS4A1,P2RY8,PDCD1,PDCD1LG2,PHOX2B,PRF1,PTPN22,SH2D1A,STAT4,TIGIT,TNFRSF14,TNFRSF17,TNFRSF9",Regulation of immune responses,NEST:18,Regulation of immune responses,1.7558748556724915,57,49
"CTNNB1,EP300,HIST3H3,KDM6A,KMT2A,KMT2B,KMT2C,KMT2D,MAGI2,MEN1,TNF",Histone methyltransferase complex,"CTNNB1,HIST3H3,KMT2C,MAGI2,TNF",Histone methyltransferase complex,NEST:98,Histone methyltransferase complex,1.0413926851582251,11,5
"ARID1A,ARID1B,ARID2,BCL7A,CHD4,HDAC2,MYC,PBRM1,SMARCA4,SMARCB1,SMARCE1,SOX2",Polybromo/BAF complex,"BCL7A,CHD4,HDAC2,MYC",Polybromo- and BAF containing complex,NEST:92,Polybromo- and BAF containing complex,1.0791812460476249,12,4
"BARD1,BCL11B,BRD4,CHD4,CREBBP,DNMT1,DNMT3A,DNMT3B,E2F1,EMSY,EZH2,HDAC1,HDAC2,HDAC3,HIST3H3,ING1,IRF2,KDM5A,MTA1,PALB2,PARP1,PHF6,PRDM1,RB1,RUNX1,SMARCA1,TERT,TP53,ZBTB2,ZNF217",Histone modification,"BARD1,BRD4,DNMT3A,DNMT3B,EMSY,HDAC3,HIST3H3,KDM5A,PHF6,PRDM1,RB1,SMARCA1,TERT,ZNF217",Histone modification,NEST:34,Histone modification,1.4771212547196624,30,14