gene,D_used,p_hmp,p_bonf_hmp,is_sig_hmp_bonf,small_systems,num_small_systems,important_systems_matched,num_important_systems_matched,sig_drugs,n_sig_drugs,is_important
ELOC,12,6e-300,4.3080000000000005e-297,True,Culin-RIng uniqutin ligase complex;Ubiquitin regulation of mitophagy;Ubiquitin regulation of p53 activity;Ubiquitin/Proteasome System,4,Culin-RIng uniqutin ligase complex;Ubiquitin regulation of mitophagy;Ubiquitin regulation of p53 activity,3,5-FU;CD437;Camptothecin;Cisplatin;Etoposide,5,True
TNF,12,5.3276668742751305e-15,3.8252648157295435e-12,True,Actin filament-based process;Actin filaments;Cell motility;Chromatin binding;ECM-cytoskeleton assembly;EGFR-MAPK signaling;Extended PRC1 complex;Extracellular matrix;Extracellular matrix organization;Histone acetyltransferase complex;Histone methyltransferase complex;Interferon signaling;Locomotion;Nucleolus;PcG protein complex;Positive regulators of transcription;Protein Transport;RNA metabolism;RNA processing 1;RNA processing 2;Regulation of nuclear protein ubiquitiation;Ribosome abundance control;TNFR/Traf signaling;Transmembrane tyrosine kinase signaling;Type I interferon signaling pathway;Ubiquitin regulation of p53 activity;Ubiquitin/Proteasome System,27,Actin filament-based process;Chromatin binding;ECM-cytoskeleton assembly;Extended PRC1 complex;Extracellular matrix;Extracellular matrix organization;PcG protein complex;Positive regulators of transcription;Protein Transport;RNA processing 1;TNFR/Traf signaling;Transmembrane tyrosine kinase signaling;Ubiquitin regulation of p53 activity,13,Bleomycin-a2;Doxorubicin;Etoposide;Gemcitabine;Methotrexate,5,True
FGF10,12,4.000000000000001e-300,2.8720000000000005e-297,True,Cell motility;ECM-cytoskeleton assembly;Extracellular matrix;Extracellular matrix organization;NeST:16,5,ECM-cytoskeleton assembly;Extracellular matrix;Extracellular matrix organization;NeST:16,4,Doxorubicin;Etoposide;Gemcitabine;Methotrexate,4,True
TP53,12,6e-300,4.3080000000000005e-297,True,Apoptosis Regulation;CDK holoenzyme complex I;CDK holoenzyme complex II;Cell Proliferation;Checkpoint-regulated DNA repair;Chromatin binding;Cyclin D associated events in G1;Epigenetic modification;Fas;G1 to S cell cycle control;G1/S phase;H3 acetylation and H3K4 methylation crosstalk;Histone deacetylase binding;Homologous recombination;Homologous recombination (HR) and Fanconi Anemia repair;MDM2-p53 pathway;Mismatch and excision repair;Mitosis;Oncogene induced senescence;Positive regulators of transcription;RBL-TP53 complex;RNA processing 1;Regulation of E2F transcription via DREAM complex;Regulation of TP53 Activity;Regulation of beta catenin transcriptional activity;Regulation of nuclear protein ubiquitiation;Resolution of D-loop structures;TNFR/Traf signaling;Transcription coactivator activity;Transmembrane tyrosine kinase signaling;Ubiquitin/Proteasome System;p53 regulation;p53 regulation of cell cycle,33,Apoptosis Regulation;CDK holoenzyme complex I;CDK holoenzyme complex II;Chromatin binding;Cyclin D associated events in G1;Epigenetic modification;Fas;G1 to S cell cycle control;G1/S phase;H3 acetylation and H3K4 methylation crosstalk;Histone deacetylase binding;Homologous recombination;Homologous recombination (HR) and Fanconi Anemia repair;Positive regulators of transcription;RNA processing 1;Regulation of beta catenin transcriptional activity;TNFR/Traf signaling;Transcription coactivator activity;Transmembrane tyrosine kinase signaling;p53 regulation of cell cycle,20,CD437;Doxorubicin;Gemcitabine;MK-1775,4,True
STK11,12,1.3314809379821862e-14,9.560033134712097e-12,True,Culin-RIng uniqutin ligase complex;Ubiquitin regulation of mitophagy;Ubiquitin regulation of p53 activity;Ubiquitin/Proteasome System,4,Culin-RIng uniqutin ligase complex;Ubiquitin regulation of mitophagy;Ubiquitin regulation of p53 activity,3,5-FU;CD437;Camptothecin;MK-1775,4,True
MED1,12,2.929171667602529e-14,2.1031452573386158e-11,True,Mediator complex;Mediator/CCR-NOT complex;Transcription coactivator activity,3,Mediator complex;Mediator/CCR-NOT complex;Transcription coactivator activity,3,CD437;Gemcitabine;MK-1775;Methotrexate,4,True
HSP90AA1,12,5.861317871160298e-14,4.208426231493094e-11,True,Cell motility;Locomotion;PIK3/AKT signaling;Ubiquitin regulation of mitophagy;Ubiquitin regulation of p53 activity;Ubiquitin/Proteasome System,6,PIK3/AKT signaling;Ubiquitin regulation of mitophagy;Ubiquitin regulation of p53 activity,3,5-FU;Camptothecin;Ceralasertib;Methotrexate,4,True
BRCA2,12,1.1456791494063128e-13,8.225976292737325e-11,True,Checkpoint-regulated DNA repair;Homologous recombination;Homologous recombination (HR) and Fanconi Anemia repair;Mismatch and excision repair;Resolution of D-loop structures,5,Homologous recombination;Homologous recombination (HR) and Fanconi Anemia repair,2,Bleomycin-a2;Doxorubicin;Gemcitabine;Methotrexate,4,True
CDK6,12,3.580696786832021e-13,2.570940292945391e-10,True,CDK holoenzyme complex I;CDK holoenzyme complex II;Checkpoint-regulated DNA repair;Cyclin D associated events in G1;G1 to S cell cycle control,5,CDK holoenzyme complex I;CDK holoenzyme complex II;Cyclin D associated events in G1;G1 to S cell cycle control,4,CD437;Doxorubicin;Etoposide;Gemcitabine,4,True
DNMT3A,12,1.5122569983429936e-10,1.0858005248102694e-07,True,Chromatin binding;Epigenetic modification;Transcription elongation,3,Chromatin binding;Epigenetic modification;Transcription elongation,3,5-FU;Bleomycin-a2;Ceralasertib;Etoposide,4,True
XPA,12,3.5278477443529415e-10,2.5329946804454123e-07,True,RPA complex associated proteins,1,RPA complex associated proteins,1,Doxorubicin;Etoposide;MK-1775;Olaparib,4,True
SMAD4,12,1.0097486224045295e-09,7.249995108864521e-07,True,Foxo signaling;INSR-FOXO;SMAD-TGFbeta signaling;TGF-beta/Smad signaling,4,INSR-FOXO,1,Doxorubicin;Etoposide;MK-1775;Olaparib,4,True
CKS1B,12,6e-300,4.3080000000000005e-297,True,CDK holoenzyme complex I;CDK holoenzyme complex II;Checkpoint-regulated DNA repair;Cyclin D associated events in G1;G1/S phase;Mismatch and excision repair;Mitosis,7,CDK holoenzyme complex I;CDK holoenzyme complex II;Cyclin D associated events in G1;G1/S phase,4,5-FU;Bleomycin-a2;Doxorubicin,3,True
CCNE1,12,1.2e-299,8.616000000000001e-297,True,CDK holoenzyme complex I;CDK holoenzyme complex II;Checkpoint-regulated DNA repair;Cyclin D associated events in G1;G1 to S cell cycle control;G1/S phase;Mismatch and excision repair;Mitosis,8,CDK holoenzyme complex I;CDK holoenzyme complex II;Cyclin D associated events in G1;G1 to S cell cycle control;G1/S phase,5,Doxorubicin;Etoposide;Methotrexate,3,True
CTNNB1,12,1.2e-299,8.616000000000001e-297,True,Beta-catenin;Beta-catenin destruction complex;Checkpoint-regulated DNA repair;Chromatin binding;EGFR/PI3K signaling;EMT;G1/S phase;H3 acetylation and H3K4 methylation crosstalk;Histone methyltransferase complex;Neg Regulation EGFR;Regulation of adherens junction stability;Regulation of beta catenin transcription;Regulation of beta catenin transcriptional activity;Transcription factor (TF) binding;Wnt/beta-catenin,15,Chromatin binding;EMT;G1/S phase;H3 acetylation and H3K4 methylation crosstalk;Regulation of beta catenin transcriptional activity;Transcription factor (TF) binding,6,Doxorubicin;Etoposide;Gemcitabine,3,True
FCGR2A,12,1.2e-299,8.616000000000001e-297,True,Cell motility;Immune system;Lymphocyte activation;NeST:16,4,NeST:16,1,Doxorubicin;Etoposide;Gemcitabine,3,True
HDAC1,12,1.2e-299,8.616000000000001e-297,True,Checkpoint-regulated DNA repair;Chromatin binding;EMT;Epigenetic modification;G1/S phase;HDACs deacetylate histones;Histone acetyltransferase complex;Histone deacetylase binding;Mitosis;Nucleolus;PML body;Positive regulators of transcription;Regulation of TP53 Activity;SMAD-TGFbeta signaling;Transcription factor (TF) binding;p53 regulation,16,Chromatin binding;EMT;Epigenetic modification;G1/S phase;Histone deacetylase binding;Positive regulators of transcription;Transcription factor (TF) binding,7,5-FU;Ceralasertib;Doxorubicin,3,True
ATR,12,2.664529835527245e-15,1.913132421908562e-12,True,MDM2-p53 pathway;Mitosis;RPA complex associated proteins,3,RPA complex associated proteins,1,Doxorubicin;Etoposide;Gemcitabine,3,True
DNMT3B,12,2.6645351674380995e-15,1.9131362502205554e-12,True,Chromatin binding;Epigenetic modification,2,Chromatin binding;Epigenetic modification,2,5-FU;Bleomycin-a2;Ceralasertib,3,True
XPC,12,2.28924484019026e-14,1.6436777952566066e-11,True,Histone modifications in DNA damage response;Nucleolus;RNA processing 1;RPA complex associated proteins;Ribosome abundance control;Ribosome biogenesis,6,RNA processing 1;RPA complex associated proteins,2,CD437;Doxorubicin;Gemcitabine,3,True
BUB1B,12,4.263246042817343e-14,3.0610106587428524e-11,True,Checkpoint-regulated DNA repair;Chromosome centrometric region;G1/S phase;Homologous recombination;Homologous recombination (HR) and Fanconi Anemia repair;Mismatch and excision repair;Mitosis;Resolution of D-loop structures,8,Chromosome centrometric region;G1/S phase;Homologous recombination;Homologous recombination (HR) and Fanconi Anemia repair,4,5-FU;Doxorubicin;Etoposide,3,True
BCLAF1,12,6.6946714607514386e-12,4.806774108819533e-09,True,Chromatin binding;RNA metabolism;RNA processing 1;RNA processing 2;Regulation of mRNA processing,5,Chromatin binding;RNA processing 1;Regulation of mRNA processing,3,Doxorubicin;Etoposide;Gemcitabine,3,True
TERT,12,1.9238528636881664e-11,1.3813263561281034e-08,True,Checkpoint-regulated DNA repair;Chromatin binding;Epigenetic modification;Histone acetyltransferase complex;Mismatch and excision repair;Nuclear pore;Nuclear transport;Nucleolus;PML body;Positive regulators of transcription;Protein nuclear transport;RNA processing 1;Ribosome abundance control;Transcription elongation,14,Chromatin binding;Epigenetic modification;Nuclear pore;Positive regulators of transcription;RNA processing 1;Transcription elongation,6,CD437;Doxorubicin;MK-1775,3,True
PML,12,2.4760209039814043e-11,1.7777830090586482e-08,True,HDACs deacetylate histones;Interferon signaling;NeST:163;PML body;Positive regulators of transcription;Regulation of TP53 Activity;Transcription factor (TF) binding;Type I interferon signaling pathway,8,Positive regulators of transcription;Transcription factor (TF) binding,2,CD437;Doxorubicin;MK-1775,3,True
ABL1,12,1.9287022832925472e-10,1.3848082394040488e-07,True,Cell motility;EGFR-MAPK signaling;EGFR/PI3K signaling;Transmembrane tyrosine kinase signaling,4,Transmembrane tyrosine kinase signaling,1,Doxorubicin;Gemcitabine;MK-1775,3,True
PPP2R2A,12,8.828902191368906e-10,6.339151773402874e-07,True,Integrator-PP2A complex;Phosphatase 2A catalytic subunit;mTOR regulation of autophagy/ribosome biogenesis,3,mTOR regulation of autophagy/ribosome biogenesis,1,CD437;Gemcitabine;MK-1775,3,True
BMPR1A,12,1.579422704571396e-09,1.1340255018822622e-06,True,INSR-FOXO,1,INSR-FOXO,1,Doxorubicin;Gemcitabine;Methotrexate,3,True
FBXW7,12,2.1164393612776365e-09,1.519603461397343e-06,True,Mediator complex;Mediator/CCR-NOT complex;Ubiquitin regulation of mitophagy;Ubiquitin regulation of p53 activity;Ubiquitin/Proteasome System,5,Mediator complex;Mediator/CCR-NOT complex;Ubiquitin regulation of mitophagy;Ubiquitin regulation of p53 activity,4,5-FU;MK-1775;Olaparib,3,True
TOP2A,12,2.228083870922125e-09,1.5997642193220858e-06,True,Checkpoint-regulated DNA repair;Chromatin binding;Chromosome centrometric region;G1/S phase;Homologous recombination;Homologous recombination (HR) and Fanconi Anemia repair;Mismatch and excision repair;Nucleolus,8,Chromatin binding;Chromosome centrometric region;G1/S phase;Homologous recombination;Homologous recombination (HR) and Fanconi Anemia repair,5,5-FU;Doxorubicin;Etoposide,3,True
ARFRP1,12,2.5336451700413603e-08,1.8191572320896966e-05,True,Endoplasmic Reticulum protein processing;Protein Transport,2,Protein Transport,1,5-FU;Doxorubicin;Methotrexate,3,True
CCND1,12,6e-300,4.3080000000000005e-297,True,CDK holoenzyme complex I;CDK holoenzyme complex II;Checkpoint-regulated DNA repair;Cyclin D associated events in G1;G1 to S cell cycle control;G1/S phase;INSR-FOXO;Mitosis;Ubiquitin/Proteasome System,9,CDK holoenzyme complex I;CDK holoenzyme complex II;Cyclin D associated events in G1;G1 to S cell cycle control;G1/S phase;INSR-FOXO,6,Doxorubicin;Etoposide,2,True
ATM,12,1.2e-299,8.616000000000001e-297,True,Homologous recombination (HR) and Fanconi Anemia repair;MDM2-p53 pathway;Mitosis;RPA complex associated proteins,4,Homologous recombination (HR) and Fanconi Anemia repair;RPA complex associated proteins,2,Doxorubicin;MK-1775,2,True
BRCA1,12,1.2e-299,8.616000000000001e-297,True,Checkpoint-regulated DNA repair;G1/S phase;Homologous recombination;Homologous recombination (HR) and Fanconi Anemia repair;Mismatch and excision repair;Mitosis;MutL alpha/beta complex;RPA complex associated proteins;Regulation of TP53 Activity;Regulation of nuclear protein ubiquitiation;Resolution of D-loop structures;p53 regulation,12,G1/S phase;Homologous recombination;Homologous recombination (HR) and Fanconi Anemia repair;MutL alpha/beta complex;RPA complex associated proteins,5,Doxorubicin;Etoposide,2,True
SKP1,12,1.2e-299,8.616000000000001e-297,True,Ubiquitin regulation of mitophagy;Ubiquitin regulation of p53 activity;Ubiquitin/Proteasome System,3,Ubiquitin regulation of mitophagy;Ubiquitin regulation of p53 activity,2,5-FU;MK-1775,2,True
SLX4,12,1.2e-299,8.616000000000001e-297,True,Extended mismatch repair complex,1,Extended mismatch repair complex,1,5-FU;Camptothecin,2,True
SMC1A,12,1.2e-299,8.616000000000001e-297,True,Chromatin binding;Cohesin;Extended cohesin complex,3,Chromatin binding,1,Doxorubicin;Methotrexate,2,True
NPM1,12,2.664534207877744e-15,1.9131355612562204e-12,True,Mitosis;Nucleolus;PML body;RNA processing 1;Ribosome abundance control;Ribosome biogenesis,6,RNA processing 1,1,Gemcitabine;Methotrexate,2,True
RAD51C,12,2.6645350583375938e-15,1.9131361718863923e-12,True,Checkpoint-regulated DNA repair;Homologous recombination;Homologous recombination (HR) and Fanconi Anemia repair;Mismatch and excision repair;Resolution of D-loop structures,5,Homologous recombination;Homologous recombination (HR) and Fanconi Anemia repair,2,Doxorubicin;Methotrexate,2,True
CD40,12,8.260057553477124e-14,5.930721323396575e-11,True,Immune system;Lymphocyte activation;Regulation of immune responses;TNFR/Traf signaling,4,TNFR/Traf signaling,1,CD437;Etoposide,2,True
BCL2L2,12,4.5268349788934305e-12,3.250267514845483e-09,True,Apoptosis Regulation,1,Apoptosis Regulation,1,5-FU;Etoposide,2,True
SMAD2,12,2.367324478620412e-11,1.6997389756494557e-08,True,SMAD-TGFbeta signaling;TGF-beta/Smad signaling;Transcription factor (TF) binding,3,Transcription factor (TF) binding,1,Doxorubicin;Etoposide,2,True
BCORL1,12,2.456127641314839e-11,1.7634996464640543e-08,True,Extended PRC1 complex;PcG protein complex,2,Extended PRC1 complex;PcG protein complex,2,Methotrexate;Olaparib,2,True
PDGFRB,12,4.291322333822512e-11,3.081169435684564e-08,True,Cell motility;ECM-cytoskeleton assembly;Extracellular matrix;Extracellular matrix organization,4,ECM-cytoskeleton assembly;Extracellular matrix;Extracellular matrix organization,3,Etoposide;Methotrexate,2,True
TET2,12,4.757673158467211e-11,3.4160093277794576e-08,True,Culin-RIng uniqutin ligase complex;Ubiquitin/Proteasome System,2,Culin-RIng uniqutin ligase complex,1,CD437;MK-1775,2,True
DDB2,12,1.0936292092701864e-10,7.852257722559939e-08,True,Culin-RIng uniqutin ligase complex;Ubiquitin/Proteasome System,2,Culin-RIng uniqutin ligase complex,1,Camptothecin;Cisplatin,2,True
PMS1,12,5.784113610752021e-10,4.1529935725199507e-07,True,Extended mismatch repair complex;Mismatch and excision repair;MutL alpha/beta complex,3,Extended mismatch repair complex;MutL alpha/beta complex,2,CD437;Methotrexate,2,True
RAD50,12,6.145728831579805e-10,4.4126333010742996e-07,True,Homologous recombination (HR) and Fanconi Anemia repair,1,Homologous recombination (HR) and Fanconi Anemia repair,1,Doxorubicin;Methotrexate,2,True
MLH1,12,8.752739587251607e-10,6.284467023646654e-07,True,Extended mismatch repair complex;Mismatch and excision repair;MutL alpha/beta complex;MutS homologs,4,Extended mismatch repair complex;MutL alpha/beta complex,2,CD437;Methotrexate,2,True
VHL,12,1.0441710340766974e-09,7.497148024670687e-07,True,Culin-RIng uniqutin ligase complex;Foxo signaling;Nucleolus;Ubiquitin regulation of mitophagy;Ubiquitin regulation of p53 activity;Ubiquitin/Proteasome System,6,Culin-RIng uniqutin ligase complex;Ubiquitin regulation of mitophagy;Ubiquitin regulation of p53 activity,3,Doxorubicin;MK-1775,2,True
CDKN1B,12,2.8177896699559204e-09,2.023172983028351e-06,True,CDK holoenzyme complex I;CDK holoenzyme complex II;Checkpoint-regulated DNA repair;Cyclin D associated events in G1;EGFR-MAPK signaling;Foxo signaling;G1 to S cell cycle control;G1/S phase;Mismatch and excision repair;Mitosis;Transmembrane tyrosine kinase signaling,11,CDK holoenzyme complex I;CDK holoenzyme complex II;Cyclin D associated events in G1;G1 to S cell cycle control;G1/S phase;Transmembrane tyrosine kinase signaling,6,Doxorubicin;MK-1775,2,True
CREBBP,12,3.926878594630476e-09,2.8194988309446815e-06,True,Checkpoint-regulated DNA repair;Chromatin binding;Epigenetic modification;Foxo signaling;G1/S phase;HDACs deacetylate histones;Histone deacetylase binding;Mitosis;Nuclear receptor signaling;PML body;Positive regulators of transcription;RNA metabolism;RNA processing 1;RNA processing 2;Regulation of androgen receptor signaling pathway;Regulation of beta catenin transcriptional activity;SMAD-TGFbeta signaling;Transcription factor (TF) binding;p53 regulation of cell cycle,19,Chromatin binding;Epigenetic modification;G1/S phase;Histone deacetylase binding;Positive regulators of transcription;RNA processing 1;Regulation of beta catenin transcriptional activity;Transcription factor (TF) binding;p53 regulation of cell cycle,9,CD437;Olaparib,2,True
SRC,12,4.9703637453073235e-09,3.568721169130658e-06,True,Transmembrane tyrosine kinase signaling,1,Transmembrane tyrosine kinase signaling,1,CD437;Doxorubicin,2,True
KAT6A,12,8.004958326783304e-09,5.747560078630412e-06,True,Histone acetyltransferase complex;Positive regulators of transcription;Regulation of beta catenin transcriptional activity,3,Positive regulators of transcription;Regulation of beta catenin transcriptional activity,2,CD437;Ceralasertib,2,True
CDH2,12,1.6464735840821367e-08,1.1821680333709742e-05,True,EMT;Epithelial differentiation;Regulation of adherens junction stability,3,EMT;Epithelial differentiation,2,Doxorubicin;Methotrexate,2,True
AURKA,12,1.866067907328036e-08,1.33983675746153e-05,True,Chromosome centrometric region;Homologous recombination (HR) and Fanconi Anemia repair;Mismatch and excision repair,3,Chromosome centrometric region;Homologous recombination (HR) and Fanconi Anemia repair,2,Doxorubicin;Gemcitabine,2,True
BCL2,12,2.3617533362666285e-08,1.6957388954394392e-05,True,Apoptosis Regulation,1,Apoptosis Regulation,1,5-FU;Camptothecin,2,True
TBX3,12,3.180109784304596e-08,2.2833188251307e-05,True,Apoptosis Regulation,1,Apoptosis Regulation,1,5-FU;Camptothecin,2,True
STAG2,12,3.31681109087704e-08,2.3814703632497146e-05,True,Chromatin binding;Cohesin;Extended cohesin complex,3,Chromatin binding,1,Bleomycin-a2;Olaparib,2,True
PARK2,12,3.3294058066849255e-08,2.3905133691997765e-05,True,Ubiquitin regulation of mitophagy;Ubiquitin/Proteasome System,2,Ubiquitin regulation of mitophagy,1,5-FU;MK-1775,2,True
PARP1,12,6.086185519415501e-08,4.3698812029403294e-05,True,Apoptosis Regulation;Chromatin binding;Epigenetic modification;Fas;Histone deacetylase binding;Histone modifications in DNA damage response;Mitosis;PML body;Regulation of TP53 Activity;TNFR/Traf signaling,10,Apoptosis Regulation;Chromatin binding;Epigenetic modification;Fas;Histone deacetylase binding;TNFR/Traf signaling,6,Doxorubicin;Methotrexate,2,True
TOP1,12,7.211937262621429e-08,5.178170954562186e-05,True,Chromatin binding,1,Chromatin binding,1,Doxorubicin;Gemcitabine,2,True
CCND2,12,1.3555229260060327e-07,9.732654608723314e-05,True,CDK holoenzyme complex I;CDK holoenzyme complex II;Checkpoint-regulated DNA repair;Cyclin D associated events in G1;G1 to S cell cycle control,5,CDK holoenzyme complex I;CDK holoenzyme complex II;Cyclin D associated events in G1;G1 to S cell cycle control,4,Etoposide;Methotrexate,2,True
AR,12,1.2e-299,8.616000000000001e-297,True,Foxo signaling;HDACs deacetylate histones;Positive regulators of transcription;Transcription factor (TF) binding,4,Positive regulators of transcription;Transcription factor (TF) binding,2,Doxorubicin,1,True
DPYD,12,1.2e-299,8.616000000000001e-297,True,Cell motility;Extracellular matrix organization,2,Extracellular matrix organization,1,Doxorubicin,1,True
TRAF2,12,1.2e-299,8.616000000000001e-297,True,TNFR/Traf signaling,1,TNFR/Traf signaling,1,Methotrexate,1,True
RB1,12,5.3290705173343115e-15,3.826272631446036e-12,True,CDK holoenzyme complex I;Cell Proliferation;Checkpoint-regulated DNA repair;Chromatin binding;Cyclin D associated events in G1;Epigenetic modification;G1/S phase;MDM2-p53 pathway;Mismatch and excision repair;Mitosis;Oncogene induced senescence;PML body;Regulation of E2F transcription via DREAM complex;Transcription factor (TF) binding,14,CDK holoenzyme complex I;Chromatin binding;Cyclin D associated events in G1;Epigenetic modification;G1/S phase;Transcription factor (TF) binding,6,Etoposide,1,True
HRAS,12,1.8651746813471456e-14,1.3391954212072504e-11,True,EGFR-MAPK signaling;MAPK and MAP2K activation;MAPK signaling;Nucleolus;RAS-RAF-MAPK;RNA processing 1;Ribosome abundance control;Ribosome biogenesis;Transmembrane tyrosine kinase signaling,9,MAPK signaling;RNA processing 1;Transmembrane tyrosine kinase signaling,3,Methotrexate,1,True
MDM2,12,1.8651746813690115e-14,1.3391954212229502e-11,True,Chromatin binding;Culin-RIng uniqutin ligase complex;Cyclin D associated events in G1;Homologous recombination (HR) and Fanconi Anemia repair;MDM2-p53 pathway;Mitosis;Oncogene induced senescence;RNA processing 1;Regulation of E2F transcription via DREAM complex;Regulation of TP53 Activity;Regulation of nuclear protein ubiquitiation;Ubiquitin regulation of p53 activity;Ubiquitin/Proteasome System,13,Chromatin binding;Culin-RIng uniqutin ligase complex;Cyclin D associated events in G1;Homologous recombination (HR) and Fanconi Anemia repair;RNA processing 1;Ubiquitin regulation of p53 activity,6,Doxorubicin,1,True
PIK3R3,12,1.172395511181277e-13,8.417799770281569e-11,True,INSR-FOXO,1,INSR-FOXO,1,Gemcitabine,1,True
CHD2,12,1.625366469019761e-13,1.1670131247561885e-10,True,Chromatin binding;PcG protein complex;Transcription elongation,3,Chromatin binding;PcG protein complex;Transcription elongation,3,MK-1775,1,True
BCL2L11,12,2.478017763835017e-13,1.7792167544335424e-10,True,Apoptosis Regulation,1,Apoptosis Regulation,1,5-FU,1,True
NUP98,12,3.0642155150943075e-13,2.2001067398377127e-10,True,Nuclear pore;Nuclear transport;Protein nuclear transport,3,Nuclear pore,1,Gemcitabine,1,True
CALR,12,1.1217691818306272e-12,8.054302725543903e-10,True,Endoplasmic Reticulum protein processing;Protein Transport,2,Protein Transport,1,Bleomycin-a2,1,True
CASR,12,1.2896350647483556e-12,9.259579764893193e-10,True,Actin filament-based process;Cell motility;Cell-extracellular matrix interactions;Locomotion,4,Actin filament-based process,1,Doxorubicin,1,True
MCL1,12,7.647216191978847e-12,5.490701225840812e-09,True,Apoptosis Regulation,1,Apoptosis Regulation,1,5-FU,1,True
BTG1,12,1.2200835010508743e-11,8.760199537545277e-09,True,Mediator/CCR-NOT complex,1,Mediator/CCR-NOT complex,1,Etoposide,1,True
TRAF3,12,1.5702091095703165e-11,1.1274101406714873e-08,True,Endoplasmic Reticulum protein processing;Protein Transport;TNFR/Traf signaling,3,Protein Transport;TNFR/Traf signaling,2,Ceralasertib,1,True
NUP93,12,1.7404739294573732e-11,1.249660281350394e-08,True,Nuclear pore;Nuclear transport;Protein nuclear transport,3,Nuclear pore,1,Doxorubicin,1,True
ERCC4,12,3.07778914065367e-11,2.209852602989335e-08,True,Extended mismatch repair complex,1,Extended mismatch repair complex,1,MK-1775,1,True
RARA,12,4.261654323199762e-11,3.059867804057429e-08,True,Foxo signaling;INSR-FOXO;Mediator complex;Mediator/CCR-NOT complex;Nuclear receptor signaling,5,INSR-FOXO;Mediator complex;Mediator/CCR-NOT complex,3,Doxorubicin,1,True
CHD4,12,5.826272330634178e-11,4.18326353339534e-08,True,Chromatin binding;Epigenetic modification;Histone deacetylase binding;Polybromo- and BAF containing complex;Transcription factor (TF) binding;p53 regulation,6,Chromatin binding;Epigenetic modification;Histone deacetylase binding;Transcription factor (TF) binding,4,Doxorubicin,1,True
MSH6,12,7.081534674591637e-11,5.0845418963567956e-08,True,Checkpoint-regulated DNA repair;Extended mismatch repair complex;Homologous recombination (HR) and Fanconi Anemia repair;Mismatch and excision repair;MutS homologs,5,Extended mismatch repair complex;Homologous recombination (HR) and Fanconi Anemia repair,2,Methotrexate,1,True
AKT1,12,7.884626083966856e-11,5.661161528288203e-08,True,EGFR-MAPK signaling;Foxo signaling;Integrator-PP2A complex;Neg Regulation EGFR;PIK3/AKT signaling;Transmembrane tyrosine kinase signaling;Wnt/beta-catenin;mTOR regulation of autophagy/ribosome biogenesis;mTOR regulation of mRNA translation,9,PIK3/AKT signaling;Transmembrane tyrosine kinase signaling;mTOR regulation of autophagy/ribosome biogenesis;mTOR regulation of mRNA translation,4,CD437,1,True
SMARCA4,12,8.623501498269779e-11,6.191674075757701e-08,True,BAF (SWI/SNF) complex;Chromatin binding;Extended cohesin complex;Polybromo- and BAF containing complex;Regulation of TP53 Activity;p53 regulation,6,Chromatin binding,1,CD437,1,True
ALK,12,1.3097773731682822e-10,9.404201539348266e-08,True,INSR-FOXO,1,INSR-FOXO,1,Gemcitabine,1,True
BCL6,12,1.473695554526226e-10,1.0581134081498302e-07,True,HDACs deacetylate histones;Nuclear receptor signaling;Positive regulators of transcription,3,Positive regulators of transcription,1,Doxorubicin,1,True
PTEN,12,1.5817207300961149e-10,1.1356754842090105e-07,True,INSR-FOXO;Neg Regulation EGFR;PI3-K/Akt;PIK3/AKT signaling;TGF-beta/Smad signaling,5,INSR-FOXO;PI3-K/Akt;PIK3/AKT signaling,3,Methotrexate,1,True
DMD,12,2.1025113742167597e-10,1.5096031666876335e-07,True,Cell motility;Extracellular matrix organization,2,Extracellular matrix organization,1,Doxorubicin,1,True
KDM5A,12,2.47492677011647e-10,1.7769974209436257e-07,True,Chromatin binding;Epigenetic modification;Histone acetyltransferase complex,3,Chromatin binding;Epigenetic modification,2,Bleomycin-a2,1,True
AKT3,12,2.543098954375515e-10,1.8259450492416197e-07,True,INSR-FOXO;PIK3/AKT signaling,2,INSR-FOXO;PIK3/AKT signaling,2,Gemcitabine,1,True
EMSY,12,2.713189084257088e-10,1.948069762496589e-07,True,Chromatin binding;Epigenetic modification,2,Chromatin binding;Epigenetic modification,2,Bleomycin-a2,1,True
CBR3,12,2.981088032843203e-10,2.14042120758142e-07,True,Cell motility;NeST:16,2,NeST:16,1,Doxorubicin,1,True
BTK,12,3.5964534757413617e-10,2.5822535955822976e-07,True,Immune system;Lymphocyte activation;Transmembrane tyrosine kinase signaling,3,Transmembrane tyrosine kinase signaling,1,CD437,1,True
MSH3,12,5.418465248111165e-10,3.8904580481438166e-07,True,Extended mismatch repair complex;Mismatch and excision repair;MutS homologs,3,Extended mismatch repair complex,1,Cisplatin,1,True
CDKN1C,12,6.2269652879273e-10,4.470961076731801e-07,True,CDK holoenzyme complex II;Checkpoint-regulated DNA repair;Cyclin D associated events in G1,3,CDK holoenzyme complex II;Cyclin D associated events in G1,2,Methotrexate,1,True
AURKB,12,6.639799638569994e-10,4.767376140493256e-07,True,Chromosome centrometric region;Mismatch and excision repair;Ubiquitin/Proteasome System;p53 regulation,4,Chromosome centrometric region,1,Etoposide,1,True
MTOR,12,8.158208165539492e-10,5.857593462857355e-07,True,mTOR regulation of autophagy/ribosome biogenesis;mTOR regulation of mRNA translation,2,mTOR regulation of autophagy/ribosome biogenesis;mTOR regulation of mRNA translation,2,Cisplatin,1,True
BARD1,12,1.6462911402200046e-09,1.1820370386779632e-06,True,Checkpoint-regulated DNA repair;Chromatin binding;Epigenetic modification;Homologous recombination;Homologous recombination (HR) and Fanconi Anemia repair;Mismatch and excision repair;Regulation of nuclear protein ubiquitiation;Resolution of D-loop structures,8,Chromatin binding;Epigenetic modification;Homologous recombination;Homologous recombination (HR) and Fanconi Anemia repair,4,Methotrexate,1,True
GATA3,12,2.007441905829249e-09,1.4413432883854008e-06,True,Chromatin binding;Immune system;Nuclear transport;RNA metabolism;Regulation of immune responses,5,Chromatin binding,1,MK-1775,1,True
U2AF1,12,2.2239556229542766e-09,1.5968001372811705e-06,True,Chromatin binding;RNA metabolism;RNA processing 1;RNA processing 2;Regulation of mRNA processing,5,Chromatin binding;RNA processing 1;Regulation of mRNA processing,3,CD437,1,True
HLA-A,12,2.9202158399481947e-09,2.0967149730828036e-06,True,Beta-catenin destruction complex;CDK holoenzyme complex II;Checkpoint-regulated DNA repair;Cyclin D associated events in G1;G1/S phase;Immune system;Lymphocyte activation;MHC class I including non-classical MHCs;Regulation of immune responses;Transmembrane tyrosine kinase signaling;Wnt/beta-catenin,11,CDK holoenzyme complex II;Cyclin D associated events in G1;G1/S phase;Transmembrane tyrosine kinase signaling,4,MK-1775,1,True
CDKN2B,12,3.3418596469218667e-09,2.3994552264899e-06,True,CDK holoenzyme complex I;CDK holoenzyme complex II;Checkpoint-regulated DNA repair;Cyclin D associated events in G1;G1 to S cell cycle control,5,CDK holoenzyme complex I;CDK holoenzyme complex II;Cyclin D associated events in G1;G1 to S cell cycle control,4,CD437,1,True
BCR,12,3.5810706657061325e-09,2.5712087379770032e-06,True,RTK-JAK-STAT signaling;Transmembrane tyrosine kinase signaling,2,Transmembrane tyrosine kinase signaling,1,CD437,1,True
FLT1,12,3.84121662330013e-09,2.7579935355294935e-06,True,Cell motility;NeST:16;NeST:29;NeST:49;NeST:80,5,NeST:16,1,Bleomycin-a2,1,True
UPF1,12,4.482942911439334e-09,3.218753010413442e-06,True,Chromatin binding;Histone acetyltransferase complex;Nucleolus;RNA metabolism;RNA processing 1;RNA processing 2,6,Chromatin binding;RNA processing 1,2,Doxorubicin,1,True
FANCA,12,4.5784628983894264e-09,3.287336361043608e-06,True,Homologous recombination (HR) and Fanconi Anemia repair,1,Homologous recombination (HR) and Fanconi Anemia repair,1,Methotrexate,1,True
WRN,12,4.6133651162939016e-09,3.312396153499021e-06,True,Checkpoint-regulated DNA repair;Chromatin binding;Homologous recombination;Homologous recombination (HR) and Fanconi Anemia repair;Mismatch and excision repair,5,Chromatin binding;Homologous recombination;Homologous recombination (HR) and Fanconi Anemia repair,3,Doxorubicin,1,True
CDKN1A,12,6.637414901052157e-09,4.765663898955449e-06,True,CDK holoenzyme complex I;CDK holoenzyme complex II;Checkpoint-regulated DNA repair;Cyclin D associated events in G1;G1 to S cell cycle control;G1/S phase;MDM2-p53 pathway;Mismatch and excision repair;Mitosis;p53 regulation of cell cycle,10,CDK holoenzyme complex I;CDK holoenzyme complex II;Cyclin D associated events in G1;G1 to S cell cycle control;G1/S phase;p53 regulation of cell cycle,6,Methotrexate,1,True
PRCC,12,6.7005029803996695e-09,4.810961139926962e-06,True,Chromatin binding;RNA metabolism,2,Chromatin binding,1,CD437,1,True
PPP1CC,12,1.0674691753945344e-08,7.664428679332757e-06,True,Chromatin binding;Transcription elongation,2,Chromatin binding;Transcription elongation,2,Doxorubicin,1,True
CHEK1,12,1.1047883267230246e-08,7.932380185871317e-06,True,Checkpoint-regulated DNA repair;Chromosome centrometric region;Homologous recombination;Homologous recombination (HR) and Fanconi Anemia repair;Mismatch and excision repair;Regulation of TP53 Activity,6,Chromosome centrometric region;Homologous recombination;Homologous recombination (HR) and Fanconi Anemia repair,3,Doxorubicin,1,True
RPS15,12,1.119216404252591e-08,8.035973782533604e-06,True,Nucleolus;RNA processing 1;Ribosome biogenesis,3,RNA processing 1,1,CD437,1,True
RAF1,12,1.1742120746926451e-08,8.430842696293193e-06,True,EGFR-MAPK signaling;Integrator-PP2A complex;MAPK and MAP2K activation;RAS-RAF-MAPK;Transmembrane tyrosine kinase signaling,5,Transmembrane tyrosine kinase signaling,1,5-FU,1,True
ZNF217,12,1.3756478983107448e-08,9.877151909871147e-06,True,Chromatin binding;Epigenetic modification,2,Chromatin binding;Epigenetic modification,2,CD437,1,True
MED12,12,1.441013574367685e-08,1.0346477463959978e-05,True,Mediator complex;Mediator/CCR-NOT complex,2,Mediator complex;Mediator/CCR-NOT complex,2,CD437,1,True
CDKN2A,12,1.9345695569747092e-08,1.3890209419078412e-05,True,CDK holoenzyme complex I;CDK holoenzyme complex II;Checkpoint-regulated DNA repair;Cyclin D associated events in G1;G1 to S cell cycle control;G1/S phase;Mitosis,7,CDK holoenzyme complex I;CDK holoenzyme complex II;Cyclin D associated events in G1;G1 to S cell cycle control;G1/S phase,5,Gemcitabine,1,True
NEGR1,12,2.7779860689744027e-08,1.994593997523621e-05,True,Cell motility;NeST:16,2,NeST:16,1,Doxorubicin,1,True
SETBP1,12,2.9335124878196832e-08,2.1062619662545325e-05,True,Cell motility;NeST:16,2,NeST:16,1,Etoposide,1,True
PA2G4,12,2.948038952442348e-08,2.116691967853606e-05,True,Nucleolus;RNA processing 1;Ribosome biogenesis,3,RNA processing 1,1,CD437,1,True
PTPN13,12,4.665585111207064e-08,3.349890109846672e-05,True,Apoptosis Regulation,1,Apoptosis Regulation,1,Gemcitabine,1,True
PDPK1,12,4.990551478569424e-08,3.583215961612846e-05,True,PI3-K/Akt;PIK3/AKT signaling,2,PI3-K/Akt;PIK3/AKT signaling,2,Olaparib,1,True
ZRSR2,12,5.351066900887613e-08,3.8420660348373064e-05,True,Chromatin binding;RNA metabolism;RNA processing 1;RNA processing 2;Spliceosomal complex,5,Chromatin binding;RNA processing 1,2,CD437,1,True
CUL3,12,5.6697441235031976e-08,4.070876280675296e-05,True,Cell motility;Culin-RIng uniqutin ligase complex;Ubiquitin regulation of mitophagy;Ubiquitin regulation of p53 activity;Ubiquitin/Proteasome System,5,Culin-RIng uniqutin ligase complex;Ubiquitin regulation of mitophagy;Ubiquitin regulation of p53 activity,3,Doxorubicin,1,True
GSK3B,12,6.653902558449638e-08,4.77750203696684e-05,True,Beta-catenin destruction complex;Transmembrane tyrosine kinase signaling;Wnt/beta-catenin,3,Transmembrane tyrosine kinase signaling,1,Methotrexate,1,True
RAB35,12,7.245945457752341e-08,5.202588838666181e-05,True,Protein Transport,1,Protein Transport,1,Doxorubicin,1,True
INSR,12,8.639521191485419e-08,6.20317621548653e-05,True,INSR-FOXO;PI3-K/Akt,2,INSR-FOXO;PI3-K/Akt,2,Olaparib,1,True
PHF6,12,8.737375326472392e-08,6.273435484407178e-05,True,Chromatin binding;Epigenetic modification,2,Chromatin binding;Epigenetic modification,2,CD437,1,True
FLT4,12,9.610416453284045e-08,6.900279013457944e-05,True,Cell motility;NeST:16;NeST:29;NeST:49;NeST:80,5,NeST:16,1,Gemcitabine,1,True
FUS,12,1.0916229691534286e-07,7.837852918521617e-05,True,Chromatin binding;Nucleolus;RNA metabolism;RNA processing 1;RNA processing 2;Ribosome abundance control,6,Chromatin binding;RNA processing 1,2,5-FU,1,True
