Current Name,NEST ID,New Name,Important,Direct Genes
RNA metabolism,NEST:19,mRNA splicing,0,"BRD4,DDX3X,FUBP1,GATA3,PRCC,PRKDC"
Checkpoint-regulated DNA repair,NEST:50,Regulation of CDK activity,0,"CDK5,CDKN1C,MSH2,MSH6,TERT"
Mismatch and excision repair,NEST:30,DNA metabolic process,0,"CCNE1,CDKN1A,CDKN1B,CKS1B,MLH3,POLD1,POLE,RB1,TERT,XRCC2"
H3 acetylation and H3K4 methylation crosstalk,NEST:155,H3 acetylation and H3K4 methylation crosstalk,1,"CTNNB1,EP300,EZH2,HIST3H3,TP53"
Extended cohesin complex,NEST:121,Extended cohesin complex,0,SMARCA4
p53 regulation,NEST:94,DNA replication dependent nucleosome assembly,0,"AURKB,BRCA1,CHD4,H3F3A,HDAC1,HDAC2,HIST3H3,MTA1,SMARCA4,TAF1,TP53"
Homologous recombination (HR) and Fanconi Anemia repair,NEST:79,Recombinational repair,1,"ATM,AURKA,BRIP1,CDC73,FANCA,MDC1,MDM2,MRE11,MSH6,NBN,PALB2,POLH,RAD50,RAD51B,RAD51D,XRCC2,XRCC3"
Regulation of nuclear protein ubiquitiation,NEST:70,BRCA1 mediated protein ubiquitination,0,"BARD1,BIRC3,BRCA1,CBL,CHEK2,EGFR,MDM2,MDM4,MIB1,TNF,TP53"
Mitosis,NEST:65,Cell cycle arrest,0,"BRCA1,BUB1B,CCND1,CCNE1,CDKN1B,CDKN2A,CKS1B,E2F5,HDAC1,MYC,NPM1,PARP1,TP63"
MAPK signaling,NEST:256,MAPK signaling,1,"ERBB2,ERBB4,FGFR2,FGFR4,HRAS,KRAS"
Histone deacetylase binding,NEST:55,Nucleosome remodeling,1,"BCL11B,CHD4,CREBBP,DNMT1,E2F1,EZH2,HDAC1,HDAC2,ING1,IRF2,MTA1,PALB2,PARP1,RUNX1,TP53,ZBTB2"
INSR-FOXO,NEST:52,AKT/activin signaling,1,"ACVR1B,AKT2,AKT3,ALK,BMPR1A,CCND1,EBF1,EGLN1,FOXO1,FOXO3,IGF1R,INSR,IRS2,PIK3CA,PIK3CB,PIK3CD,PIK3R1,PIK3R2,PIK3R3,PTEN,RARA,SMAD4,SOD2,TGFBR1,TGFBR2"
Neg Regulation EGFR,NEST:169,AKT1 activation,0,"AKT1,CTNNB1,EGF,EGFR,NF2,PTEN"
Regulation of cellular homeostasis,NEST:3,Nucleus and ribosome,0,"ABL1,ACVR1B,AMER1,AXIN2,BCL2L12,CEP57,CIC,CRKL,CTC1,EGLN1,FANCB,FANCF,FRS2,GEN1,GID4,HIST1H2BD,HIST1H3F,HIST1H4E,HSPH1,INHBA,KDM5C,KRAS,LEF1,LMNA,MAD2L2,MECOM,MGMT,MIB1,MTOR,MUTYH,NKX3-1,PIK3C3,PPP1CB,PPP1R15A,RAB35,RAD52,RECQL4,RICTOR,RINT1,RPS6KB1,RPTOR,SOCS1,SUZ12,TAP2,TRAF7,TSC1,TSC2,WEE1"
Epithelial differentiation,NEST:24,Keratinization,1,"ALOX12B,CDH1,CDH2,EPCAM,FLG,KLF4,PRSS8,ZNF750"
Cytoplasm/extracellular space,NEST:2,Cytoplasm and extracellular space,0,"AKT1,BCAR1,CCND1,CRKL,ERBB2,ERBB4,FGFR3,FRS2,GRIN2A,HRAS,IFNAR1,IFNGR1,KIF1B,MAP2K1,MC1R,MPL,PIK3R2,PIK3R3,PTK2,RASA1,SMAD3,SRC"
mTOR regulation of mRNA translation,NEST:145,mTOR regulation of mRNA translation,1,"AKT1,MTOR,RICTOR,RPS6KB1,RPTOR"
Cell,NEST,NeST,0,"ABCB1,AJUBA,ARHGAP35,BCL10,C11orf65,C3orf70,CADM2,CBFB,CBLC,CRLF2,DDR2,DIS3L2,DYNC2H1,ECT2L,ELF3,ETS2,ETV1,ETV6,FAT1,FDPS,FGF14,FGF3,FGF4,FGF6,FGF8,FGF9,FHIT,FLCN,FNTB,FOXQ1,G6PD,GABRA6,GATA2,GATA4,GATA6,GLI1,GLI2,GLI3,GPER1,GRM3,HAS3,HOXB13,HSD3B1,IDH2,IFNL3,INPP4A,INPP4B,KDM6B,KEL,KLLN,LATS2,LMO1,LRP1B,LZTR1,MAF,MALT1,MEF2B,MITF,MST1R,MTAP,MTHFR,MTRR,NOTCH3,NQO1,NRG1,NT5C2,NTHL1,NTRK1,NTRK2,NUDT15,PAX5,PAX7,PAX8,PDK1,PIK3C2B,PIK3C2G,PIM1,PRSS2,PTCH1,PTCH2,RNF139,RNF43,ROS1,RPS6KA4,RPS6KB2,SCG5,SDHAF2,SDHC,SDHD,SEMA3C,SGK1,SLC26A3,SLC47A2,SMO,SNCAIP,SOX10,SOX9,SPINK1,SPOP,SUFU,TANC1,TCL1A,TET1,TFF1,TMPRSS2,TPRX1,TSHR,WISP3,WNT7A,ZFHX3,ZNF620,ZNF703,ZNRF3"
PI3-K/Akt,NEST:254,EGFR-insulin receptor crosstalk,1,"EGFR,IGF1R,INSR,IRS1,PDPK1,PTEN"
Transmembrane tyrosine kinase signaling,NEST:38,Transmembrane receptor tyrosine kinase signaling,1,"ABL1,AKT1,BCAR1,BTK,CDKN1B,CRKL,EPHB2,FYN,GSK3B,HLA-A,IFNAR1,IFNAR2,IFNGR1,MAP2K2,NRAS,PTK2,RASA1,SRC,STAT5B,STAT6,SYK,TNF,TP53,TSC2"
Structural constituent of muscle,NEST:22,Structural constituent of muscle,0,FBXO11
Immune system,NEST:8,Immune system,0,"AXL,CSF3R,CYLD,FAM46C,FAS,FOXP1,HGF,IFNGR2,IGF1,IKBKE,IL10RA,IL2RA,IL6R,JAK2,MAFB,MYD88,NFKBIA,NKX2-1,NTRK3,PCBP1,PIK3CG,PLCG2,POU2F2,PRDM1,SOD2,STAT5A,TLR4,TMEM173,TNFAIP3,VSIR"
Metabolism,NEST:7,Metabolism,0,"ABCC3,FGF19,FGF23,GATA1,HGF,SPTA1"
Cell motility,NEST:5,Cell motility,0,"ABL1,ABL2,BCL2L12,CBLB,CSF1R,CUL3,ERRFI1,EXT2,FGF23,FOXP1,GPC3,IL2RA,NF2,PAK5,PDGFRA,PLK2,QKI"
Cell projection morphogenesis,NEST:97,Ephrin receptor activity,0,"EPHA2,EPHA3,EPHA5,EPHA7,EPHB1,EPHB2,PTPRD,SLIT2"
Lymphoid JAK/STAT signaling,NEST:84,JAK-STAT signaling pathway,0,"CSF3R,EPOR,IFNAR2,IL6R,IRS1,IRS2,JAK1,JAK2,JAK3,PIK3R1,PTPN11,SOCS1,STAT3,STAT5A,STAT5B,STAT6"
Interferon signaling,NEST:36,Interferon signaling,0,IRF2
NeST:29,NEST:29,NEST:29,0,"ADGRA2,EGFL7,ENG,ETS1,SOX17,TMEM127"
Integrator-PP2A complex,NEST:53,Integrator-PP2A complex,0,"AKT1,ARAF,BRAF,CCDC6,MYC,PPP6C,RAF1"
Mediator/CCR-NOT complex,NEST:45,Mediator/CCR-NOT complex,1,"BTG1,DICER1,PNRC1"
Cellular response to DNA damage,NEST:15,Cell cycle,0,"ARID1A,BRD4,CDC25A,DNMT3A,DNMT3B,EED,EMSY,FANCC,FANCE,FANCG,FANCI,FANCL,FANCM,HDAC3,HIF1A,KDM5A,PPP1CA,PPP1CC,PRKDC,RAD54L,SMARCB1,SMARCE1,SMC3,SOX2,STAT3,TNF,TYMS,UBE2T,XPC,XRCC1,YEATS4"
Nucleus,NEST:4,Regulation of biogenesis,0,"CCDC6,CUL3,ELOC,H3F3A,H3F3C,HSP90AA1,PCBP1,PIAS4,PNRC1,POT1,PPP2R2A,PRKCZ,RAD50,RAF1,RXRA,SKP1,SLX4"
SMAD-TGFbeta signaling,NEST:146,SMAD-TGFbeta signaling,0,"CREBBP,HDAC1,SMAD2,SMAD3,SMAD4,TGFBR1"
RPA complex associated proteins,NEST:134,RPA complex associated proteins,1,"ATM,ATR,BLM,BRCA1,XPA,XPC"
Extended mismatch repair complex,NEST:125,Extended mismatch repair complex,1,"ERCC1,ERCC4,MLH1,MLH3,MSH2,MSH3,MSH6,PMS1,PMS2,SLX4"
Cyclin D associated events in G1,NEST:58,Cyclin D associated events in G1,1,
RNA processing 1,NEST:17,Ribonucleoprotein complexes,1,"CHEK2,CTCF,DDX3X,DKC1,EP300,HRAS,MDM2,NHP2,NPM1,PA2G4,RPL5,RPS15,TERT,TP53,XPC"
Nucleolus,NEST:9,Ribonucleoprotein complexes,0,"ATIC,CDK8,GSTP1,HDAC1,PPP2CA,PPP2CB,TOP2A,UMPS,UPF1,VHL"
Transcription,NEST:6,Regulation of transcription,0,"ANKRD11,ASXL1,ATM,ATR,BAP1,CUX1,DOT1L,ERCC2,ERCC3,ERCC5,ERCC6,FANCD2,HDAC5,LATS1,MAP3K7,MLLT3,MSH3,NCOR1,NUP98,PPP1CA,PPP2R1A,WT1,XPA"
Foxo signaling,NEST:168,CBP and p300 binds NF-kB complex,0,"AKT1,AR,CDKN1B,CREBBP,EP300,FOXO3,RARA,SMAD4,SMARCB1,VHL"
Regulation of beta catenin transcriptional activity,NEST:126,Regulation of beta catenin transcriptional activity,1,"CHEK2,CREBBP,CTNNB1,EP300,HDAC2,HDAC3,KAT6A,KMT2A,TCF3,TP53"
HDACs deacetylate histones,NEST:107,HDACs deacetylate histones,0,"AR,BCL6,HDAC1,HDAC2,HDAC4,HDAC5,RUNX1T1"
Nuclear transport,NEST:44,Nuclear transport,0,GATA3
Transcription elongation,NEST:42,Transcription elongation,1,"CDC73,CHD2,DNMT3A,KMT2A,PPP1CC,PTPN11,SETD2,TERT"
Cohesin,NEST:196,Cohesin complex,0,"RAD21,SMC1A,SMC3,STAG1,STAG2"
NeST:163,NEST:163,NEST:163,0,"ANKRD11,GPS2,HDAC3,NCOR1,NCOR2,PML,TBL1XR1"
Phosphatase 2A catalytic subunit,NEST:170,Phosphatase 2A catalytic subunit,0,"PPP2CA,PPP2CB,PPP2R1A,PPP2R1B,PPP2R2A"
G1 to S cell cycle control,NEST:150,G1 to S cell cycle control,1,"CCND1,CCND2,CCND3,CCNE1,CCNE2,CDK4,CDK6,CDKN1A,CDKN1B,CDKN2A,CDKN2B,CDKN2C,TP53"
Beta-catenin destruction complex,NEST:239,Beta-catenin destruction complex,0,"APC,AXIN1,CTNNB1,GSK3B,HLA-A"
Fas,NEST:127,Intrinsic apoptosis pathway,1,"CASP8,DAXX,FAS,MAP2K4,MAPK1,PARP1,TP53"
Nuclear receptor signaling,NEST:60,Nuclear receptor transcription pathway,0,"BCL6,CEBPA,ESR2,GPS2,HDAC3,HDAC5,NRIP1,PGR,RARA,RUNX1T1,RXRA,TBL1XR1"
Resolution of D-loop structures,NEST:193,Resolution of D-loop structures,0,"BARD1,BLM,BRCA1,BRCA2,BUB1B,FANCD2,RAD51,RAD51C,TP53"
Culin-RIng uniqutin ligase complex,NEST:61,Ubiquitin ligase complex,1,"CUL3,DDB2,ELOC,MDM2,NF2,STK11,TET2,VHL"
Regulation of adherens junction stability,NEST:142,EGF/beta-catenin signaling,0,"APC,CBL,CDH1,CDH2,CTNNA1,CTNNB1,EGF,EGFR,FYN,HDAC2"
Endoplasmic Reticulum protein processing,NEST:21,Protein processing in endoplasmic reticulum,0,"ARFRP1,CALR,EGFR,SEC23B,TRAF3,TUSC3"
EMT,NEST:108,EMT,1,"HDAC1,SOX2"
RTK-JAK-STAT signaling,NEST:89,Erb and JAK-STAT signaling,0,"BCR,CBL,CBLB,CSF3R,EGF,EGFR,ERBB2,ERBB3,ERBB4,FRS2,INPPL1,IRS1,JAK1,JAK2,PDGFRA,PIK3R1,PLCG2,PTPN11,RET,STAT3,STAT5A"
Ubiquitin regulation of mitophagy,NEST:77,Ubiquitin regulation of mitophagy,1,"CUL3,ELOC,FBXW7,HSP90AA1,PARK2,SKP1,STK11,VHL"
Cell Proliferation,NEST:132,EGF/FGF stimulation of cell proliferation,0,"EGF,EGFR,ERBB3,ERBB4,FGF1,FGF2,FGF5,FGF7,FRS2,IGF1,IGF2,MYC,RB1,TP53"
Protein Transport,NEST:12,Membrane trafficking,1,"CFTR,KRAS,NRAS,PIK3C3,PREX2,RAB35,RAC1,RINT1,TNF"
EGFR/PI3K signaling,NEST:153,PIK3-EGFR signaling,0,"ABL1,CBL,CRKL,CTNNB1,EGF,EGFR,ERBB2,MET,PIK3R1,PIK3R2,SOCS1"
TNFR/Traf signaling,NEST:83,TNF signaling pathway,1,"BIRC3,CASP8,CD40,FAS,MAP3K7,PARP1,TNF,TNFAIP3,TNFRSF9,TP53,TRAF2,TRAF3"
PIK3/AKT signaling,NEST:138,PIK3/AKT signaling pathway,1,"AKT1,AKT2,AKT3,FOXO3,HSP90AA1,PDPK1,PIK3CB,PIK3CD,PRKCZ,PRKDC,PTEN"
mTOR regulation of autophagy/ribosome biogenesis,NEST:137,mTOR regulation of autophagy,1,"AKT1,MAPK1,MTOR,PPP2R2A,RICTOR,RPS6KB1,RPTOR,SQSTM1"
Signaling pathways,NEST:1,Other signaling processes,0,"BCLAF1,CTC1,CTRC,EP300,FGFR3,FH,ITPKB,KDM5C,KEAP1,LDLR,MAP3K1,NFE2L2,NOTCH1,NOTCH2,PRKAR1A,PRKCI,PRSS1,RHOA,SDHA,SDHB,TBC1D12,TCF3,YAP1,ZNF471"
Beta-catenin,NEST:221,Non-canonical Wnt signaling pathway,0,"AMER1,AXIN1,CTNNB1,DAXX,MYC"
RAS-RAF-MAPK,NEST:212,RAS-RAF-MAPK signaling,0,"ARAF,BRAF,HRAS,KRAS,MAP2K1,MAPK1,RAF1"
EGFR-MAPK signaling,NEST:73,MAPK signaling,0,"ABL1,AKT1,CBL,CDKN1B,EGFR,MDM4,TNF,TSC1,TSC2"
NeST:195,NEST:195,NEST:195,0,"EGFR,ERBB2,FGFR1,FRS2,KRAS,STAT3"
Ubiquitin regulation of p53 activity,NEST:105,Ubiquitin regulation of p53 activity,1,"CUL3,ELOC,FBXW7,HSP90AA1,MDM2,SKP1,STK11,TNF,VHL"
Wnt/beta-catenin,NEST:174,Extended beta-catenin destruction complex,0,"AKT1,AXIN2,PPP1CA"
Ubiquitin/Proteasome System,NEST:32,Ubiquitination and neddylation,0,"AURKB,CCND1,ETV4,ETV5,FBXO11,PRAME,RIT1,TP53"
MAPK and MAP2K activation,NEST:104,MAPK and MAP2K activation,0,"CDC25A,HDAC4,HDAC5,MAP2K2,MYC,STAT3,STAT5A"
Regulation of beta catenin transcription,NEST:182,Beta-catenin-TCF complex,0,"APC,CTNNA1,CTNNB1,EGFR,ERBB2,HDAC2,TCF7L2"
Apoptosis Regulation,NEST:47,Regulation of apoptosis,1,"BCL2,BCL2L1,BCL2L11,BCL2L2,CASP8,FAS,IFNGR1,MCL1,MS4A1,PARP1,PTPN13,TBX3,TP53"
TGF-beta/Smad signaling,NEST:81,TGF-beta pathway/SMAD protein complex,0,"PIAS4,PTEN,SMAD2,SMAD3,SMAD4,TGFBR1,TGFBR2"
Oncogene induced senescence,NEST:199,Oncogene induced senescence,0,"E2F1,E2F2,E2F4,MDM2,RB1,TFDP1,TP53"
RNA processing 2,NEST:26,Spliceosomal-snRNP complex,0,"BCLAF1,CASP8,CREBBP,EWSR1,FUS,SRSF2,TNF,U2AF1,UPF1"
NeST:49,NEST:49,NEST:49,0,VSIR
Regulation of TP53 Activity,NEST:117,Regulation of TP53 Activity,0,"BRCA1,CHEK1,EP300,HDAC1,IKZF1,JUN,MDM2,PARP1,PML,SMARCA4,TP53"
Contractile fiber,NEST:27,Contractile fiber,0,"C8orf34,CBL,GALNT12,MYOD1,TPM1"
Extracellular matrix,NEST:31,Extracellular matrix,1,"CD276,GREM1"
Regulation of mRNA processing,NEST:39,Regulation of RNA splicing,1,"BCLAF1,CASP8,RBM10,SF1,SPEN,SRSF2,U2AF1"
MHC class I including non-classical MHCs,NEST:202,MHC class I including non-classical MHCs,0,"B2M,HLA-A,HLA-B,HLA-C,HLA-E,HLA-F,HLA-G,TAP2"
Spliceosomal complex,NEST:35,Spliceosomal complex,0,"CDC73,PRPF40B,RBM10,SF1,SF3B1,ZRSR2"
Cell-extracellular matrix interactions,NEST:54,Cell-extracellular matrix interactions,0,"ACTA2,CASR,MYH11,PALLD,TPM1"
Actin cytoskeleton,NEST:48,Actin cytoskeleton,0,"MYH11,NFE2L2,PIK3CA,PPP1CB,TPM1"
Actin filaments,NEST:40,Actin filaments,0,"ACTA2,PALLD,TNF"
MutL alpha/beta complex,NEST:277,MutL alpha/beta complex,1,"BRCA1,BRIP1,MLH1,PMS1,PMS2"
MutS homologs,NEST:231,MutS homologs,0,"MLH1,MSH2,MSH3,MSH6,PMS2"
Homologous recombination,NEST:130,Homologous recombination,1,"CHEK1,TOP2A,WRN"
Chromosome centrometric region,NEST:59,Chromosome centrometric region,1,"AURKA,AURKB,BUB1B,CHEK1,MKI67,RAD51,TOP2A"
Protein nuclear transport,NEST:69,SUMOylation for nuclear transport,0,DAXX
Actin and actin-associated proteins,NEST:63,Actin and actin-associated proteins,1,"CBL,MYH11,PIK3CA,PPP1CB,TPM1"
Type I interferon signaling pathway,NEST:43,Type I interferon signaling pathway,0,"IFIT1,IFIT2,IFIT3,PML,TAP1,TAP2,TNF"
ECM-cytoskeleton assembly,NEST:51,ECM-cytoskeleton assembly,1,"ACTA2,FANCC,FGF10,PALLD,PDGFRB,TNF"
CDK holoenzyme complex II,NEST:102,CDK holoenzyme complex II,1,"CDK5,CDKN1C,CKS1B,HLA-A"
RBL-TP53 complex,NEST:293,RBL-TP53 complex,0,"E2F1,E2F4,RBL1,RBL2,TP53"
CDK holoenzyme complex I,NEST:110,CDK holoenzyme complex I,1,"CKS1B,RB1"
G1/S phase,NEST:91,G1/S phase,1,"BRCA1,BUB1B,CCND1,CCNE1,CDKN1B,CDKN2A,CKS1B,CTNNB1,E2F1,HDAC1,HLA-A,MYC,RB1,TOP2A"
Extended PRC1 complex,NEST:82,Extended PRC1 complex,1,"BCOR,BCORL1,E2F6,EED,EZH2,MGA,TFDP1,TNF"
NeST:80,NEST:80,NEST:80,0,"ERG,FLT1,FLT4,KDR,NOTCH4,SH2B3,VEGFA"
Regulation of androgen receptor signaling pathway,NEST:210,Regulation of androgen receptor signaling pathway,0,"ANKRD11,CREBBP,NCOA3,NCOR1,NCOR2"
Regulation of E2F transcription via DREAM complex,NEST:119,Regulation of E2F transcription via DREAM complex,0,"E2F3,E2F5"
Histone methyltransferase subcomplex,NEST:133,Histone methyltransferase subcomplex,1,"EP300,KDM6A,KMT2A,KMT2B,KMT2D,MEN1"
BAF (SWI/SNF) complex,NEST:129,BAF (SWI/SNF) complex,0,"ARID1A,ARID1B,ARID2,PBRM1,SMARCA4,SMARCB1,SMARCE1,SOX2"
Transcription coactivator activity,NEST:165,Transcription coactivator activity,1,"E2F1,HIST3H3,MED1,TAF1,TP53"
Nuclear pore,NEST:93,Nuclear pore complex,1,"NUP93,NUP98,RANBP2,TERT,XPO1"
Locomotion,NEST:14,Cytoskeleton,0,"ARHGAP26,CDH1,CHEK2,DNM2,EGFR,ESR1,GNA11,GNA13,GNAQ,GNAS,HSP90AA1,LATS1,LMNA,MAPK1,PAK1,PAK3,PIK3R1,PREX2,RHOA,RHPN2,SLIT2,SPRED1"
MDM2-p53 pathway,NEST:186,MDM2-p53 pathway,0,"ATM,ATR,CDKN1A,CHEK2,MDM2,MDM4,RB1,TP53"
p53 regulation of cell cycle,NEST:177,p53 regulation of cell cycle,1,"CDKN1A,CREBBP,EP300,RBL1,TP53"
Histone modifications in DNA damage response,NEST:158,Histone modifications in DNA damage response,0,"CASP8,CTCF,HIST1H1C,HIST1H1E,PARP1,XPC"
Histone acetyltransferase complex,NEST:57,Histone acetyltransferase complex,0,"DKC1,HDAC1,HDAC2,KAT6A,KDM5A,MAX,MYC,MYCL,MYCN,PALB2,TERT,TNF,UPF1,YEATS4"
Chromatin binding,NEST:10,Chromatin binding,1,"ATRX,CDK12,CHD2,CTCF,HIST1H1E,MDM2,PPP1CC,PTPN11,RANBP2,RSF1,TAF1,TOP1,TOP2A,WRN,XPO1,XRCC1,YEATS4"
Extracellular matrix organization,NEST:20,Extracellular matrix organization,1,"DMD,DPYD,ENG,FOXA1,INHBA"
NeST:16,NEST:16,Angiogenesis,1,"ADGRA2,ARID5B,CBR3,EBF1,EGF,EPCAM,FCGR2A,FGF10,FGF19,NEGR1,PREX2,RET,SETBP1,SOX17"
Mediator complex,NEST:90,Mediator complex,1,"CDK8,ESR1,FBXW7,MED1,MED12,RARA"
Positive regulators of transcription,NEST:85,Positive regulators of transcription,1,"AR,BCL6,CREBBP,EP300,HDAC1,HDAC2,KAT6A,MYC,PML,RUNX1,TBL1XR1,TERT,TNF,TP53,YEATS4"
NeST:78,NEST:78,NEST:78,0,"ASXL2,ATRX,CDK12,GATA1,MGA,NF1,NSD1,RSF1,SETD2,SPEN"
PcG protein complex,NEST:66,PcG protein complex,1,CHD2
Metabolic pathways,NEST:11,Metabolic pathways,0,"APOB,ATP7B,CD276,CYP1B1,CYP2D6,CYP3A5,GPC3,HNF1A,HNF1B,IDH1,MST1,TPMT"
Actin filament-based process,NEST:23,Actin filament-based process,1,RAC1
PML body,NEST:123,PML body,0,"CREBBP,DAXX,EP300,HDAC1,NPM1,PARP1,PML,RB1,TERT"
Transcription factor (TF) binding,NEST:112,Androgen receptor (AR) signaling pathway,1,"AR,CHD4,CREBBP,CTNNB1,DAXX,EP300,HDAC1,HDAC2,MYB,PML,RB1,RBL1,REL,SMAD2"
Ribosome abundance control,NEST:33,Ribosome abundance control,0,"CDC73,CHEK2,DKC1,FUS,HRAS,NPM1,RHOA,RPL5,SF3B1,TERT,TNF,XPC"
Ribosome biogenesis,NEST:13,Ribosome biogenesis,0,"ASNS,CHEK2,CTCF,DDX3X,DIS3,DKC1,FOXL2,HRAS,NHP2,NPM1,NSD2,PA2G4,PELP1,PHB2,RPL5,RPS15,SHQ1,XPC"
Lymphocyte activation,NEST:25,Lymphocyte activation,0,"BTK,CD22,CD40,CIITA,CSF1R,CTLA4,FCGR2A,FCGR3A,FYN,HAVCR2,HLA-DMA,HLA-DMB,HLA-DOA,HLA-DPA1,HLA-DPB1,HLA-DQA1,HLA-DQB1,HLA-DRA,HLA-DRB1,HLA-DRB5,IKZF1,IKZF3,KIT,LYN,PDCD1,PIK3CD,PTPN22,SH2D1A,SYK,TAP1,TIGIT"
Regulation of immune responses,NEST:18,Regulation of immune responses,0,"BIRC3,CARD11,CD19,CD274,CD40,CD70,CD79A,CD79B,CIITA,CTLA4,CXCR4,FLT3,GATA3,HLA-DMA,HLA-DMB,HLA-DOA,HLA-DOB,HLA-DPA1,HLA-DPB1,HLA-DQA1,HLA-DQA2,HLA-DQB1,HLA-DQB2,HLA-DRA,HLA-DRB1,HLA-DRB5,IDO1,IKZF1,IKZF3,IL15,IL7R,IRF1,IRF4,JAK3,KLHL6,LAG3,MS4A1,P2RY8,PDCD1,PDCD1LG2,PHOX2B,PRF1,PTPN22,SH2D1A,STAT4,TIGIT,TNFRSF14,TNFRSF17,TNFRSF9"
Histone methyltransferase complex,NEST:98,Histone methyltransferase complex,0,"CTNNB1,HIST3H3,KMT2C,MAGI2,TNF"
Polybromo- and BAF containing complex,NEST:92,Polybromo- and BAF containing complex,0,"BCL7A,CHD4,HDAC2,MYC"
Epigenetic modification,NEST:34,Epigenetic modification,1,"BARD1,BRD4,DNMT3A,DNMT3B,EMSY,HDAC3,HIST3H3,KDM5A,PHF6,PRDM1,RB1,SMARCA1,TERT,ZNF217"