"All_Genes","Annotation","C_rho_mean_cell","C_rho_mean_genie","cellvsgenie","cellvsgenie_ratio","Direct_Genes","Importance","name","NEST ID","P_rho_cell_bins","P_rho_genie_bins","P_rho_mean_cell","P_rho_mean_genie","RLIPP_cell","RLIPP_genie","selected","shared name","Size-Log","Size_All","Size_Direct"
"BCLAF1,BRD4,CASP8,CDC73,CREBBP,DDX3X,EWSR1,FUBP1,FUS,GATA3,PRCC,PRKDC,PRPF40B,RBM10,SF1,SF3B1,SPEN,SRSF2,TNF,U2AF1,UPF1,ZRSR2","mRNA splicing","0.375","0.332","cells ~ clinical","0.8981132075471698","BRD4,DDX3X,FUBP1,GATA3,PRCC,PRKDC","0","mRNA splicing","NEST:19","1","1","0.371","0.3332","0.9884","1.0034","false","mRNA splicing","1.3424226808222062","22","6"
"BARD1,BLM,BRCA1,BRCA2,BUB1B,CCND1,CCND2,CCND3,CCNE1,CCNE2,CDK4,CDK5,CDK6,CDKN1A,CDKN1B,CDKN1C,CDKN2A,CDKN2B,CDKN2C,CHEK1,CKS1B,CREBBP,CTNNB1,E2F1,E2F4,EP300,FANCD2,HDAC1,HLA-A,MSH2,MSH6,MYC,RAD51,RAD51C,RB1,RBL1,RBL2,TERT,TOP2A,TP53,WRN","Regulation of CDK activity I","0.6988","0.6434","cells ~ clinical","0.9001434720229555","CDK5,CDKN1C,MSH2,MSH6,TERT","1","Regulation of CDK activity","NEST:50","4","4","0.697","0.6274","0.9968","0.974","false","Regulation of CDK activity","1.6127838567197355","41","5"
"AURKA,AURKB,BARD1,BLM,BRCA1,BRCA2,BRIP1,BUB1B,CCNE1,CDKN1A,CDKN1B,CHEK1,CKS1B,FANCD2,MKI67,MLH1,MLH3,MSH2,MSH3,MSH6,PMS1,PMS2,POLD1,POLE,RAD51,RAD51C,RB1,TERT,TOP2A,TP53,WRN,XRCC2","DNA metabolic process","0.5714","0.504","cells ~ clinical","0.7957317073170732","CCNE1,CDKN1A,CDKN1B,CKS1B,MLH3,POLD1,POLE,RB1,TERT,XRCC2","1","DNA metabolic process","NEST:30","4","3","0.656","0.522","1.1536","1.0374","false","DNA metabolic process","1.505149978319906","32","10"
"CTNNB1,EP300,EZH2,HIST3H3,TP53","H3-ac. & H3K4-me crosstalk","0.2676","0.294","cells ~ clinical","1.3797121315969842","CTNNB1,EP300,EZH2,HIST3H3,TP53","1","H3 acetylation and H3K4 methylation crosstalk","NEST:155","0","2","0.2918","0.4026","18.6706","0.2196","false","H3 acetylation and H3K4 methylation crosstalk","0.6989700043360189","5","5"
"RAD21,SMARCA4,SMC1A,SMC3,STAG1,STAG2","Extended cohesin complex","0.3496","0.2032","cell","0.581353919239905","SMARCA4","0","Extended cohesin complex","NEST:121","1","0","0.3368","0.1958","0.9546","0.9598","false","Extended cohesin complex","0.7781512503836436","6","1"
"AURKB,BRCA1,CHD4,H3F3A,HDAC1,HDAC2,HIST3H3,MTA1,SMARCA4,TAF1,TP53","DNA replication dependent nucleosome assembly","0.3178","0.3174","cells ~ clinical","1.0680197476686781","AURKB,BRCA1,CHD4,H3F3A,HDAC1,HDAC2,HIST3H3,MTA1,SMARCA4,TAF1,TP53","1","DNA replication dependent nucleosome assembly","NEST:94","1","1","0.3646","0.3894","1.2812","-0.6164","false","DNA replication dependent nucleosome assembly","1.0413926851582251","11","11"
"BARD1,BIRC3,BRCA1,CBL,CHEK2,EGFR,MDM2,MDM4,MIB1,TNF,TP53","BRCA1 mediated protein ubiquitination","0.3424","0.426","cells ~ clinical","0.8234051542036332","BARD1,BIRC3,BRCA1,CBL,CHEK2,EGFR,MDM2,MDM4,MIB1,TNF,TP53","1","BRCA1 mediated protein ubiquitination","NEST:70","2","1","0.4734","0.3898","1.7934","0.9218","false","BRCA1 mediated protein ubiquitination","1.0413926851582251","11","11"
"ATM,AURKA,BARD1,BLM,BRCA1,BRCA2,BRIP1,BUB1B,CDC73,CHEK1,FANCA,FANCD2,MDC1,MDM2,MRE11,MSH6,NBN,PALB2,POLH,RAD50,RAD51,RAD51B,RAD51C,RAD51D,TOP2A,TP53,WRN,XRCC2,XRCC3","Recombinational repair","0.448","0.498","cells ~ clinical","0.9086538461538463","ATM,AURKA,BRIP1,CDC73,FANCA,MDC1,MDM2,MRE11,MSH6,NBN,PALB2,POLH,RAD50,RAD51B,RAD51D,XRCC2,XRCC3","1","Recombinational repair","NEST:79","2","2","0.4992","0.4536","1.1304","0.9142","false","Recombinational repair","1.462397997898956","29","17"
"ERBB2,ERBB4,FGFR2,FGFR4,HRAS,KRAS","FGFR-ERBB-RAS signaling","0.3546","0.2864","cells ~ clinical","0.9366373902132998","ERBB2,ERBB4,FGFR2,FGFR4,HRAS,KRAS","1","FGFR-ERBB-RAS signaling","NEST:256","1","0","0.3188","0.2986","0.8988","1.0474","false","FGFR-ERBB-RAS signaling","0.7781512503836436","6","6"
"ATM,ATR,BRCA1,BUB1B,CCND1,CCNE1,CDKN1A,CDKN1B,CDKN2A,CHEK2,CKS1B,CREBBP,E2F1,E2F2,E2F4,E2F5,EP300,HDAC1,MDM2,MDM4,MYC,NPM1,PARP1,RB1,RBL1,RBL2,TFDP1,TP53,TP63","Cell cycle arrest","0.5808","0.5856","cells ~ clinical","0.9770572040379321","BRCA1,BUB1B,CCND1,CCNE1,CDKN1B,CDKN2A,CKS1B,E2F5,HDAC1,MYC,NPM1,PARP1,TP63","1","Cell cycle arrest","NEST:65","4","4","0.6538","0.6388","1.1254","1.1008","false","Cell cycle arrest","1.462397997898956","29","13"
"ACVR1B,AKT2,AKT3,ALK,BMPR1A,CCND1,EBF1,EGLN1,FOXO1,FOXO3,IGF1R,INSR,IRS2,PIK3CA,PIK3CB,PIK3CD,PIK3R1,PIK3R2,PIK3R3,PTEN,RARA,SMAD4,SOD2,TGFBR1,TGFBR2","AKT/activin signaling","0.3566","0.3132","cells ~ clinical","0.6640866873065016","ACVR1B,AKT2,AKT3,ALK,BMPR1A,CCND1,EBF1,EGLN1,FOXO1,FOXO3,IGF1R,INSR,IRS2,PIK3CA,PIK3CB,PIK3CD,PIK3R1,PIK3R2,PIK3R3,PTEN,RARA,SMAD4,SOD2,TGFBR1,TGFBR2","0","AKT/activin signaling","NEST:52","3","1","0.5168","0.3432","1.475","1.182","false","AKT/activin signaling","1.3979400086720377","25","25"
"BCL11B,CHD4,CREBBP,DNMT1,E2F1,EZH2,HDAC1,HDAC2,ING1,IRF2,MTA1,PALB2,PARP1,RUNX1,TP53,ZBTB2","Nucleosome remodeling","0.4326","0.3906","cells ~ clinical","0.8772357723577235","BCL11B,CHD4,CREBBP,DNMT1,E2F1,EZH2,HDAC1,HDAC2,ING1,IRF2,MTA1,PALB2,PARP1,RUNX1,TP53,ZBTB2","1","Nucleosome remodeling","NEST:55","2","2","0.492","0.4316","1.1482","1.3584","false","Nucleosome remodeling","1.2041199826559248","16","16"
"AKT1,CTNNB1,EGF,EGFR,NF2,PTEN","AKT1 activation","0.2874","0.3386","cells ~ clinical","0.9920440636474909","AKT1,CTNNB1,EGF,EGFR,NF2,PTEN","0","AKT1 activation","NEST:169","1","1","0.3268","0.3242","1.419","0.9584","false","AKT1 activation","0.7781512503836436","6","6"
"ABL1,ACVR1B,AKT1,AMER1,ANKRD11,AR,ARAF,ARID1A,ARID1B,ARID2,ASNS,ASXL1,ASXL2,ATIC,ATM,ATR,ATRX,AURKA,AURKB,AXIN2,BAP1,BARD1,BCL11B,BCL2L12,BCL6,BCL7A,BCLAF1,BCOR,BCORL1,BLM,BRAF,BRCA1,BRCA2,BRD4,BRIP1,BTG1,BUB1B,CASP8,CCDC6,CCND1,CCND2,CCND3,CCNE1,CCNE2,CDC25A,CDC73,CDK12,CDK4,CDK5,CDK6,CDK8,CDKN1A,CDKN1B,CDKN1C,CDKN2A,CDKN2B,CDKN2C,CEP57,CHD2,CHD4,CHEK1,CHEK2,CIC,CKS1B,CREBBP,CRKL,CTC1,CTCF,CTNNB1,CUL3,CUX1,DAXX,DDB2,DDX3X,DICER1,DIS3,DKC1,DNMT1,DNMT3A,DNMT3B,DOT1L,E2F1,E2F2,E2F3,E2F4,E2F5,E2F6,EED,EGLN1,ELOC,EMSY,EP300,ERCC1,ERCC2,ERCC3,ERCC4,ERCC5,ERCC6,ESR1,EWSR1,EZH2,FANCA,FANCB,FANCC,FANCD2,FANCE,FANCF,FANCG,FANCI,FANCL,FANCM,FBXW7,FOXL2,FOXO3,FRS2,FUBP1,FUS,GATA1,GATA3,GEN1,GID4,GPS2,GSTP1,H3F3A,H3F3C,HDAC1,HDAC2,HDAC3,HDAC4,HDAC5,HIF1A,HIST1H1C,HIST1H1E,HIST1H2BD,HIST1H3F,HIST1H4E,HIST3H3,HLA-A,HRAS,HSP90AA1,HSPH1,IKZF1,ING1,INHBA,IRF2,JUN,KAT6A,KDM5A,KDM5C,KDM6A,KMT2A,KMT2B,KMT2C,KMT2D,KRAS,LATS1,LEF1,LMNA,MAD2L2,MAGI2,MAP3K7,MAX,MDC1,MDM2,MDM4,MECOM,MED1,MED12,MEN1,MGA,MGMT,MIB1,MKI67,MLH1,MLH3,MLLT3,MRE11,MSH2,MSH3,MSH6,MTA1,MTOR,MUTYH,MYB,MYC,MYCL,MYCN,NBN,NCOA3,NCOR1,NCOR2,NF1,NF2,NHP2,NKX3-1,NPM1,NSD1,NSD2,NUP93,NUP98,PA2G4,PALB2,PARK2,PARP1,PBRM1,PCBP1,PELP1,PHB2,PHF6,PIAS4,PIK3C3,PML,PMS1,PMS2,PNRC1,POLD1,POLE,POLH,POT1,PPP1CA,PPP1CB,PPP1CC,PPP1R15A,PPP2CA,PPP2CB,PPP2R1A,PPP2R1B,PPP2R2A,PPP6C,PRCC,PRDM1,PRKCZ,PRKDC,PRPF40B,PTPN11,RAB35,RAD21,RAD50,RAD51,RAD51B,RAD51C,RAD51D,RAD52,RAD54L,RAF1,RANBP2,RARA,RB1,RBL1,RBL2,RBM10,RECQL4,REL,RHOA,RICTOR,RINT1,RPL5,RPS15,RPS6KB1,RPTOR,RSF1,RUNX1,RUNX1T1,RXRA,SETD2,SF1,SF3B1,SHQ1,SKP1,SLX4,SMAD2,SMAD3,SMAD4,SMARCA1,SMARCA4,SMARCB1,SMARCE1,SMC1A,SMC3,SOCS1,SOX2,SPEN,SRSF2,STAG1,STAG2,STAT3,STK11,SUZ12,TAF1,TAP2,TBL1XR1,TCF3,TERT,TET2,TFDP1,TGFBR1,TNF,TOP1,TOP2A,TP53,TP63,TRAF7,TSC1,TSC2,TYMS,U2AF1,UBE2T,UMPS,UPF1,VHL,WEE1,WRN,WT1,XPA,XPC,XPO1,XRCC1,XRCC2,XRCC3,YEATS4,ZBTB2,ZNF217,ZRSR2","Nucleus and ribosome","0.821","0.7532","cells ~ clinical","0.8939073159256646","ABL1,ACVR1B,AMER1,AXIN2,BCL2L12,CEP57,CIC,CRKL,CTC1,EGLN1,FANCB,FANCF,FRS2,GEN1,GID4,HIST1H2BD,HIST1H3F,HIST1H4E,HSPH1,INHBA,KDM5C,KRAS,LEF1,LMNA,MAD2L2,MECOM,MGMT,MIB1,MTOR,MUTYH,NKX3-1,PIK3C3,PPP1CB,PPP1R15A,RAB35,RAD52,RECQL4,RICTOR,RINT1,RPS6KB1,RPTOR,SOCS1,SUZ12,TAP2,TRAF7,TSC1,TSC2,WEE1","1","Nucleus and ribosome","NEST:3","5","5","0.8502","0.76","1.0366","1.009","false","Nucleus and ribosome","2.509202522331103","323","48"
"ALOX12B,CDH1,CDH2,EPCAM,FLG,KLF4,PRSS8,ZNF750","Keratinization","0.2932","0.2446","cells ~ clinical","0.7503052503052503","ALOX12B,CDH1,CDH2,EPCAM,FLG,KLF4,PRSS8,ZNF750","1","Keratinization","NEST:24","1","0","0.3276","0.2458","1.3244","1.0878","false","Keratinization","0.9030899869919435","8","8"
"ABCC3,ABL1,ABL2,ACTA2,ADGRA2,AKT1,APOB,ARHGAP26,ARID5B,ATP7B,AXL,B2M,BCAR1,BCL2L12,BIRC3,BTK,C8orf34,CARD11,CASR,CBL,CBLB,CBR3,CCND1,CD19,CD22,CD274,CD276,CD40,CD70,CD79A,CD79B,CDH1,CHEK2,CIITA,CRKL,CSF1R,CSF3R,CTLA4,CUL3,CXCR4,CYLD,CYP1B1,CYP2D6,CYP3A5,DMD,DNM2,DPYD,EBF1,EGF,EGFL7,EGFR,ENG,EPCAM,EPHA2,EPHA3,EPHA5,EPHA7,EPHB1,EPHB2,EPOR,ERBB2,ERBB4,ERG,ERRFI1,ESR1,ETS1,EXT2,FAM46C,FANCC,FAS,FBXO11,FCGR2A,FCGR3A,FGF10,FGF19,FGF23,FGFR3,FLT1,FLT3,FLT4,FOXA1,FOXP1,FRS2,FYN,GALNT12,GATA1,GATA3,GNA11,GNA13,GNAQ,GNAS,GPC3,GREM1,GRIN2A,HAVCR2,HGF,HLA-A,HLA-B,HLA-C,HLA-DMA,HLA-DMB,HLA-DOA,HLA-DOB,HLA-DPA1,HLA-DPB1,HLA-DQA1,HLA-DQA2,HLA-DQB1,HLA-DQB2,HLA-DRA,HLA-DRB1,HLA-DRB5,HLA-E,HLA-F,HLA-G,HNF1A,HNF1B,HRAS,HSP90AA1,IDH1,IDO1,IFIT1,IFIT2,IFIT3,IFNAR1,IFNAR2,IFNGR1,IFNGR2,IGF1,IKBKE,IKZF1,IKZF3,IL10RA,IL15,IL2RA,IL6R,IL7R,INHBA,IRF1,IRF2,IRF4,IRS1,IRS2,JAK1,JAK2,JAK3,KDR,KIF1B,KIT,KLHL6,LAG3,LATS1,LMNA,LYN,MAFB,MAP2K1,MAPK1,MC1R,MPL,MS4A1,MST1,MYD88,MYH11,MYOD1,NEGR1,NF2,NFE2L2,NFKBIA,NKX2-1,NOTCH4,NTRK3,P2RY8,PAK1,PAK3,PAK5,PALLD,PCBP1,PDCD1,PDCD1LG2,PDGFRA,PDGFRB,PHOX2B,PIK3CA,PIK3CD,PIK3CG,PIK3R1,PIK3R2,PIK3R3,PLCG2,PLK2,PML,POU2F2,PPP1CB,PRDM1,PREX2,PRF1,PTK2,PTPN11,PTPN22,PTPRD,QKI,RAC1,RASA1,RET,RHOA,RHPN2,SETBP1,SH2B3,SH2D1A,SLIT2,SMAD3,SOCS1,SOD2,SOX17,SPRED1,SPTA1,SRC,STAT3,STAT4,STAT5A,STAT5B,STAT6,SYK,TAP1,TAP2,TIGIT,TLR4,TMEM127,TMEM173,TNF,TNFAIP3,TNFRSF14,TNFRSF17,TNFRSF9,TPM1,TPMT,VEGFA,VSIR","Cytoplasm and extracellular space","0.7518","0.6062","cells ~ clinical","0.7722325457924077","AKT1,BCAR1,CCND1,CRKL,ERBB2,ERBB4,FGFR3,FRS2,GRIN2A,HRAS,IFNAR1,IFNGR1,KIF1B,MAP2K1,MC1R,MPL,PIK3R2,PIK3R3,PTK2,RASA1,SMAD3,SRC","1","Cytoplasm and extracellular space","NEST:2","5","3","0.7534","0.5818","1.0024","0.9642","false","Cytoplasm and extracellular space","2.376576957056512","238","22"
"AKT1,MTOR,RICTOR,RPS6KB1,RPTOR","AKT/MTOR pathway I","0.3564","0.2284","cell","0.6439645625692137","AKT1,MTOR,RICTOR,RPS6KB1,RPTOR","0","AKT/MTOR pathway I","NEST:145","1","0","0.3612","0.2326","1.028","1.1462","false","AKT/MTOR pathway I","0.6989700043360189","5","5"
"ABCB1,ABCC3,ABL1,ABL2,ACTA2,ACVR1B,ADGRA2,AJUBA,AKT1,AKT2,AKT3,ALK,ALOX12B,AMER1,ANKRD11,APC,APOB,AR,ARAF,ARFRP1,ARHGAP26,ARHGAP35,ARID1A,ARID1B,ARID2,ARID5B,ASNS,ASXL1,ASXL2,ATIC,ATM,ATP7B,ATR,ATRX,AURKA,AURKB,AXIN1,AXIN2,AXL,B2M,BAP1,BARD1,BCAR1,BCL10,BCL11B,BCL2,BCL2L1,BCL2L11,BCL2L12,BCL2L2,BCL6,BCL7A,BCLAF1,BCOR,BCORL1,BCR,BIRC3,BLM,BMPR1A,BRAF,BRCA1,BRCA2,BRD4,BRIP1,BTG1,BTK,BUB1B,C11orf65,C3orf70,C8orf34,CADM2,CALR,CARD11,CASP8,CASR,CBFB,CBL,CBLB,CBLC,CBR3,CCDC6,CCND1,CCND2,CCND3,CCNE1,CCNE2,CD19,CD22,CD274,CD276,CD40,CD70,CD79A,CD79B,CDC25A,CDC73,CDH1,CDH2,CDK12,CDK4,CDK5,CDK6,CDK8,CDKN1A,CDKN1B,CDKN1C,CDKN2A,CDKN2B,CDKN2C,CEBPA,CEP57,CFTR,CHD2,CHD4,CHEK1,CHEK2,CIC,CIITA,CKS1B,CREBBP,CRKL,CRLF2,CSF1R,CSF3R,CTC1,CTCF,CTLA4,CTNNA1,CTNNB1,CTRC,CUL3,CUX1,CXCR4,CYLD,CYP1B1,CYP2D6,CYP3A5,DAXX,DDB2,DDR2,DDX3X,DICER1,DIS3,DIS3L2,DKC1,DMD,DNM2,DNMT1,DNMT3A,DNMT3B,DOT1L,DPYD,DYNC2H1,E2F1,E2F2,E2F3,E2F4,E2F5,E2F6,EBF1,ECT2L,EED,EGF,EGFL7,EGFR,EGLN1,ELF3,ELOC,EMSY,ENG,EP300,EPCAM,EPHA2,EPHA3,EPHA5,EPHA7,EPHB1,EPHB2,EPOR,ERBB2,ERBB3,ERBB4,ERCC1,ERCC2,ERCC3,ERCC4,ERCC5,ERCC6,ERG,ERRFI1,ESR1,ESR2,ETS1,ETS2,ETV1,ETV4,ETV5,ETV6,EWSR1,EXT2,EZH2,FAM46C,FANCA,FANCB,FANCC,FANCD2,FANCE,FANCF,FANCG,FANCI,FANCL,FANCM,FAS,FAT1,FBXO11,FBXW7,FCGR2A,FCGR3A,FDPS,FGF1,FGF10,FGF14,FGF19,FGF2,FGF23,FGF3,FGF4,FGF5,FGF6,FGF7,FGF8,FGF9,FGFR1,FGFR2,FGFR3,FGFR4,FH,FHIT,FLCN,FLG,FLT1,FLT3,FLT4,FNTB,FOXA1,FOXL2,FOXO1,FOXO3,FOXP1,FOXQ1,FRS2,FUBP1,FUS,FYN,G6PD,GABRA6,GALNT12,GATA1,GATA2,GATA3,GATA4,GATA6,GEN1,GID4,GLI1,GLI2,GLI3,GNA11,GNA13,GNAQ,GNAS,GPC3,GPER1,GPS2,GREM1,GRIN2A,GRM3,GSK3B,GSTP1,H3F3A,H3F3C,HAS3,HAVCR2,HDAC1,HDAC2,HDAC3,HDAC4,HDAC5,HGF,HIF1A,HIST1H1C,HIST1H1E,HIST1H2BD,HIST1H3F,HIST1H4E,HIST3H3,HLA-A,HLA-B,HLA-C,HLA-DMA,HLA-DMB,HLA-DOA,HLA-DOB,HLA-DPA1,HLA-DPB1,HLA-DQA1,HLA-DQA2,HLA-DQB1,HLA-DQB2,HLA-DRA,HLA-DRB1,HLA-DRB5,HLA-E,HLA-F,HLA-G,HNF1A,HNF1B,HOXB13,HRAS,HSD3B1,HSP90AA1,HSPH1,IDH1,IDH2,IDO1,IFIT1,IFIT2,IFIT3,IFNAR1,IFNAR2,IFNGR1,IFNGR2,IFNL3,IGF1,IGF1R,IGF2,IKBKE,IKZF1,IKZF3,IL10RA,IL15,IL2RA,IL6R,IL7R,ING1,INHBA,INPP4A,INPP4B,INPPL1,INSR,IRF1,IRF2,IRF4,IRS1,IRS2,ITPKB,JAK1,JAK2,JAK3,JUN,KAT6A,KDM5A,KDM5C,KDM6A,KDM6B,KDR,KEAP1,KEL,KIF1B,KIT,KLF4,KLHL6,KLLN,KMT2A,KMT2B,KMT2C,KMT2D,KRAS,LAG3,LATS1,LATS2,LDLR,LEF1,LMNA,LMO1,LRP1B,LYN,LZTR1,MAD2L2,MAF,MAFB,MAGI2,MALT1,MAP2K1,MAP2K2,MAP2K4,MAP3K1,MAP3K7,MAPK1,MAX,MC1R,MCL1,MDC1,MDM2,MDM4,MECOM,MED1,MED12,MEF2B,MEN1,MET,MGA,MGMT,MIB1,MITF,MKI67,MLH1,MLH3,MLLT3,MPL,MRE11,MS4A1,MSH2,MSH3,MSH6,MST1,MST1R,MTA1,MTAP,MTHFR,MTOR,MTRR,MUTYH,MYB,MYC,MYCL,MYCN,MYD88,MYH11,MYOD1,NBN,NCOA3,NCOR1,NCOR2,NEGR1,NF1,NF2,NFE2L2,NFKBIA,NHP2,NKX2-1,NKX3-1,NOTCH1,NOTCH2,NOTCH3,NOTCH4,NPM1,NQO1,NRAS,NRG1,NRIP1,NSD1,NSD2,NT5C2,NTHL1,NTRK1,NTRK2,NTRK3,NUDT15,NUP93,NUP98,P2RY8,PA2G4,PAK1,PAK3,PAK5,PALB2,PALLD,PARK2,PARP1,PAX5,PAX7,PAX8,PBRM1,PCBP1,PDCD1,PDCD1LG2,PDGFRA,PDGFRB,PDK1,PDPK1,PELP1,PGR,PHB2,PHF6,PHOX2B,PIAS4,PIK3C2B,PIK3C2G,PIK3C3,PIK3CA,PIK3CB,PIK3CD,PIK3CG,PIK3R1,PIK3R2,PIK3R3,PIM1,PLCG2,PLK2,PML,PMS1,PMS2,PNRC1,POLD1,POLE,POLH,POT1,POU2F2,PPP1CA,PPP1CB,PPP1CC,PPP1R15A,PPP2CA,PPP2CB,PPP2R1A,PPP2R1B,PPP2R2A,PPP6C,PRAME,PRCC,PRDM1,PREX2,PRF1,PRKAR1A,PRKCI,PRKCZ,PRKDC,PRPF40B,PRSS1,PRSS2,PRSS8,PTCH1,PTCH2,PTEN,PTK2,PTPN11,PTPN13,PTPN22,PTPRD,QKI,RAB35,RAC1,RAD21,RAD50,RAD51,RAD51B,RAD51C,RAD51D,RAD52,RAD54L,RAF1,RANBP2,RARA,RASA1,RB1,RBL1,RBL2,RBM10,RECQL4,REL,RET,RHOA,RHPN2,RICTOR,RINT1,RIT1,RNF139,RNF43,ROS1,RPL5,RPS15,RPS6KA4,RPS6KB1,RPS6KB2,RPTOR,RSF1,RUNX1,RUNX1T1,RXRA,SCG5,SDHA,SDHAF2,SDHB,SDHC,SDHD,SEC23B,SEMA3C,SETBP1,SETD2,SF1,SF3B1,SGK1,SH2B3,SH2D1A,SHQ1,SKP1,SLC26A3,SLC47A2,SLIT2,SLX4,SMAD2,SMAD3,SMAD4,SMARCA1,SMARCA4,SMARCB1,SMARCE1,SMC1A,SMC3,SMO,SNCAIP,SOCS1,SOD2,SOX10,SOX17,SOX2,SOX9,SPEN,SPINK1,SPOP,SPRED1,SPTA1,SQSTM1,SRC,SRSF2,STAG1,STAG2,STAT3,STAT4,STAT5A,STAT5B,STAT6,STK11,SUFU,SUZ12,SYK,TAF1,TANC1,TAP1,TAP2,TBC1D12,TBL1XR1,TBX3,TCF3,TCF7L2,TCL1A,TERT,TET1,TET2,TFDP1,TFF1,TGFBR1,TGFBR2,TIGIT,TLR4,TMEM127,TMEM173,TMPRSS2,TNF,TNFAIP3,TNFRSF14,TNFRSF17,TNFRSF9,TOP1,TOP2A,TP53,TP63,TPM1,TPMT,TPRX1,TRAF2,TRAF3,TRAF7,TSC1,TSC2,TSHR,TUSC3,TYMS,U2AF1,UBE2T,UMPS,UPF1,VEGFA,VHL,VSIR,WEE1,WISP3,WNT7A,WRN,WT1,XPA,XPC,XPO1,XRCC1,XRCC2,XRCC3,YAP1,YEATS4,ZBTB2,ZFHX3,ZNF217,ZNF471,ZNF620,ZNF703,ZNF750,ZNRF3,ZRSR2","NeST","0.9226","0.9276","cells ~ clinical","1.0","ABCB1,AJUBA,ARHGAP35,BCL10,C11orf65,C3orf70,CADM2,CBFB,CBLC,CRLF2,DDR2,DIS3L2,DYNC2H1,ECT2L,ELF3,ETS2,ETV1,ETV6,FAT1,FDPS,FGF14,FGF3,FGF4,FGF6,FGF8,FGF9,FHIT,FLCN,FNTB,FOXQ1,G6PD,GABRA6,GATA2,GATA4,GATA6,GLI1,GLI2,GLI3,GPER1,GRM3,HAS3,HOXB13,HSD3B1,IDH2,IFNL3,INPP4A,INPP4B,KDM6B,KEL,KLLN,LATS2,LMO1,LRP1B,LZTR1,MAF,MALT1,MEF2B,MITF,MST1R,MTAP,MTHFR,MTRR,NOTCH3,NQO1,NRG1,NT5C2,NTHL1,NTRK1,NTRK2,NUDT15,PAX5,PAX7,PAX8,PDK1,PIK3C2B,PIK3C2G,PIM1,PRSS2,PTCH1,PTCH2,RNF139,RNF43,ROS1,RPS6KA4,RPS6KB2,SCG5,SDHAF2,SDHC,SDHD,SEMA3C,SGK1,SLC26A3,SLC47A2,SMO,SNCAIP,SOX10,SOX9,SPINK1,SPOP,SUFU,TANC1,TCL1A,TET1,TFF1,TMPRSS2,TPRX1,TSHR,WISP3,WNT7A,ZFHX3,ZNF620,ZNF703,ZNRF3","0","NeST","NEST","5","5","1.0","1.0","1.084","1.0788","false","NeST","2.8561244442423","718","113"
"EGFR,IGF1R,INSR,IRS1,PDPK1,PTEN","EGFR-insulin receptor cross-talk","0.248","0.234","cells ~ clinical","0.67838910947249","EGFR,IGF1R,INSR,IRS1,PDPK1,PTEN","0","EGFR-insulin receptor cross-talk","NEST:254","1","0","0.3526","0.2392","-9.5036","1.038","false","EGFR-insulin receptor cross-talk","0.7781512503836436","6","6"
"ABL1,AKT1,ARAF,BCAR1,BCR,BRAF,BTK,CBL,CBLB,CDKN1B,CRKL,CSF3R,EGF,EGFR,EPHB2,ERBB2,ERBB3,ERBB4,FGFR1,FRS2,FYN,GSK3B,HLA-A,HRAS,IFNAR1,IFNAR2,IFNGR1,INPPL1,IRS1,JAK1,JAK2,KRAS,MAP2K1,MAP2K2,MAPK1,NRAS,PDGFRA,PIK3R1,PLCG2,PTK2,PTPN11,RAF1,RASA1,RET,SRC,STAT3,STAT5A,STAT5B,STAT6,SYK,TNF,TP53,TSC2","Transmembrane RTK signaling","0.6028","0.5284","cells ~ clinical","0.866060606060606","ABL1,AKT1,BCAR1,BTK,CDKN1B,CRKL,EPHB2,FYN,GSK3B,HLA-A,IFNAR1,IFNAR2,IFNGR1,MAP2K2,NRAS,PTK2,RASA1,SRC,STAT5B,STAT6,SYK,TNF,TP53,TSC2","0","Transmembrane receptor tyrosine kinase signaling","NEST:38","4","3","0.66","0.5716","1.097","1.1076","false","Transmembrane receptor tyrosine kinase signaling","1.724275869600789","53","24"
"C8orf34,CBL,FBXO11,GALNT12,MYOD1,TPM1","Structural constituent of muscle","0.2116","0.1502","unimportant","0.6954921803127875","FBXO11","0","Structural constituent of muscle","NEST:22","0","0","0.2174","0.1512","1.02","1.0002","false","Structural constituent of muscle","0.7781512503836436","6","1"
"AXL,B2M,BIRC3,BTK,CARD11,CD19,CD22,CD274,CD40,CD70,CD79A,CD79B,CIITA,CSF1R,CSF3R,CTLA4,CXCR4,CYLD,FAM46C,FAS,FCGR2A,FCGR3A,FLT3,FOXP1,FYN,GATA3,HAVCR2,HGF,HLA-A,HLA-B,HLA-C,HLA-DMA,HLA-DMB,HLA-DOA,HLA-DOB,HLA-DPA1,HLA-DPB1,HLA-DQA1,HLA-DQA2,HLA-DQB1,HLA-DQB2,HLA-DRA,HLA-DRB1,HLA-DRB5,HLA-E,HLA-F,HLA-G,IDO1,IFNGR2,IGF1,IKBKE,IKZF1,IKZF3,IL10RA,IL15,IL2RA,IL6R,IL7R,IRF1,IRF4,JAK2,JAK3,KIT,KLHL6,LAG3,LYN,MAFB,MS4A1,MYD88,NFKBIA,NKX2-1,NTRK3,P2RY8,PCBP1,PDCD1,PDCD1LG2,PHOX2B,PIK3CD,PIK3CG,PLCG2,POU2F2,PRDM1,PRF1,PTPN22,SH2D1A,SOD2,STAT4,STAT5A,SYK,TAP1,TAP2,TIGIT,TLR4,TMEM173,TNFAIP3,TNFRSF14,TNFRSF17,TNFRSF9,VSIR","Immune system","0.6118","0.28","cell","0.455106448626967","AXL,CSF3R,CYLD,FAM46C,FAS,FOXP1,HGF,IFNGR2,IGF1,IKBKE,IL10RA,IL2RA,IL6R,JAK2,MAFB,MYD88,NFKBIA,NKX2-1,NTRK3,PCBP1,PIK3CG,PLCG2,POU2F2,PRDM1,SOD2,STAT5A,TLR4,TMEM173,TNFAIP3,VSIR","0","Immune system","NEST:8","4","0","0.6482","0.295","1.0656","1.0812","false","Immune system","1.99563519459755","99","30"
"ABCC3,APOB,ATP7B,CD276,CYP1B1,CYP2D6,CYP3A5,FGF19,FGF23,GATA1,GPC3,HGF,HNF1A,HNF1B,IDH1,MST1,SPTA1,TPMT","Metabolism","0.3872","0.2568","cell","0.6051732552464617","ABCC3,FGF19,FGF23,GATA1,HGF,SPTA1","0","Metabolism","NEST:7","2","0","0.4098","0.248","1.0978","1.0728","false","Metabolism","1.255272505103306","18","6"
"ABL1,ABL2,ACTA2,ADGRA2,ARHGAP26,ARID5B,BCL2L12,CASR,CBL,CBLB,CBR3,CD276,CDH1,CHEK2,CSF1R,CUL3,DMD,DNM2,DPYD,EBF1,EGF,EGFR,ENG,EPCAM,ERG,ERRFI1,ESR1,EXT2,FANCC,FCGR2A,FGF10,FGF19,FGF23,FLT1,FLT4,FOXA1,FOXP1,GNA11,GNA13,GNAQ,GNAS,GPC3,GREM1,HSP90AA1,IL2RA,INHBA,KDR,LATS1,LMNA,MAPK1,MYH11,NEGR1,NF2,NFE2L2,NOTCH4,PAK1,PAK3,PAK5,PALLD,PDGFRA,PDGFRB,PIK3CA,PIK3R1,PLK2,PPP1CB,PREX2,QKI,RAC1,RET,RHOA,RHPN2,SETBP1,SH2B3,SLIT2,SOX17,SPRED1,TNF,TPM1,VEGFA,VSIR","Cell motility","0.659","0.4142","cell","0.597442143727162","ABL1,ABL2,BCL2L12,CBLB,CSF1R,CUL3,ERRFI1,EXT2,FGF23,FOXP1,GPC3,IL2RA,NF2,PAK5,PDGFRA,PLK2,QKI","0","Cell motility","NEST:5","4","1","0.6568","0.3924","0.9954","0.962","false","Cell motility","1.9030899869919435","80","17"
"EPHA2,EPHA3,EPHA5,EPHA7,EPHB1,EPHB2,PTPRD,SLIT2","Ephrin receptor activity","0.2218","0.2346","cell","0.618986529826812","EPHA2,EPHA3,EPHA5,EPHA7,EPHB1,EPHB2,PTPRD,SLIT2","0","Ephrin receptor activity","NEST:97","1","0","0.3118","0.193","3.5662","0.8586","false","Ephrin receptor activity","0.9030899869919435","8","8"
"CSF3R,EPOR,IFNAR2,IL6R,IRS1,IRS2,JAK1,JAK2,JAK3,PIK3R1,PTPN11,SOCS1,STAT3,STAT5A,STAT5B,STAT6","JAK-STAT signaling","0.259","0.0606","cell","0.29290387518872674","CSF3R,EPOR,IFNAR2,IL6R,IRS1,IRS2,JAK1,JAK2,JAK3,PIK3R1,PTPN11,SOCS1,STAT3,STAT5A,STAT5B,STAT6","0","JAK-STAT signaling pathway","NEST:84","1","0","0.3974","0.1164","2.0654","0.1456","false","JAK-STAT signaling pathway","1.2041199826559248","16","16"
"IFIT1,IFIT2,IFIT3,IRF2,PML,TAP1,TAP2,TNF","Interferon signaling","0.2488",,,,"IRF2","1","Interferon signaling","NEST:36","0","0","0.2382",,"0.9718",,"false","Interferon signaling","0.9030899869919435","8","1"
"ADGRA2,EGFL7,ENG,ERG,ETS1,FLT1,FLT4,KDR,NOTCH4,SH2B3,SOX17,TMEM127,VEGFA,VSIR","NEST:29","0.4432","0.2162","cell","0.43640350877192985","ADGRA2,EGFL7,ENG,ETS1,SOX17,TMEM127","0","NEST:29","NEST:29","2","0","0.456","0.199","1.0376","0.9576","false","NEST:29","1.146128035678238","14","6"
"AKT1,ARAF,BRAF,CCDC6,MYC,PPP2CA,PPP2CB,PPP2R1A,PPP2R1B,PPP2R2A,PPP6C,RAF1","Integrator-PP2A complex","0.2724","0.2938","cells ~ clinical","0.6979768786127167","AKT1,ARAF,BRAF,CCDC6,MYC,PPP6C,RAF1","1","Integrator-PP2A complex","NEST:53","2","0","0.4152","0.2898","3.1444","1.0034","false","Integrator-PP2A complex","1.0791812460476249","12","7"
"BTG1,CDK8,DICER1,ESR1,FBXW7,MED1,MED12,PNRC1,RARA","Mediator/CCR-NOT complex","0.304","0.1994","cell","0.6172757475083056","BTG1,DICER1,PNRC1","0","Mediator/CCR-NOT complex","NEST:45","1","0","0.301","0.1858","0.9984","0.927","false","Mediator/CCR-NOT complex","0.9542425094393249","9","3"
"AR,ARID1A,ATM,ATR,AURKA,AURKB,BARD1,BCL11B,BLM,BRCA1,BRCA2,BRD4,BRIP1,BUB1B,CCND1,CCND2,CCND3,CCNE1,CCNE2,CDC25A,CDC73,CDK4,CDK5,CDK6,CDKN1A,CDKN1B,CDKN1C,CDKN2A,CDKN2B,CDKN2C,CHD4,CHEK1,CHEK2,CKS1B,CREBBP,CTNNB1,DAXX,DNMT1,DNMT3A,DNMT3B,E2F1,E2F2,E2F4,E2F5,EED,EMSY,EP300,EZH2,FANCA,FANCC,FANCD2,FANCE,FANCG,FANCI,FANCL,FANCM,H3F3A,HDAC1,HDAC2,HDAC3,HIF1A,HIST3H3,HLA-A,IKZF1,ING1,IRF2,JUN,KDM5A,MDC1,MDM2,MDM4,MKI67,MLH1,MLH3,MRE11,MSH2,MSH3,MSH6,MTA1,MYB,MYC,NBN,NPM1,PALB2,PARP1,PML,PMS1,PMS2,POLD1,POLE,POLH,PPP1CA,PPP1CC,PRKDC,RAD50,RAD51,RAD51B,RAD51C,RAD51D,RAD54L,RB1,RBL1,RBL2,REL,RUNX1,SMAD2,SMARCA4,SMARCB1,SMARCE1,SMC3,SOX2,STAT3,TAF1,TERT,TFDP1,TNF,TOP2A,TP53,TP63,TYMS,UBE2T,WRN,XPC,XRCC1,XRCC2,XRCC3,YEATS4,ZBTB2","Cell cycle","0.7526","0.6896","cells ~ clinical","0.8917525773195876","ARID1A,BRD4,CDC25A,DNMT3A,DNMT3B,EED,EMSY,FANCC,FANCE,FANCG,FANCI,FANCL,FANCM,HDAC3,HIF1A,KDM5A,PPP1CA,PPP1CC,PRKDC,RAD54L,SMARCB1,SMARCE1,SMC3,SOX2,STAT3,TNF,TYMS,UBE2T,XPC,XRCC1,YEATS4","1","Cell cycle","NEST:15","5","4","0.776","0.692","1.0308","1.0038","false","Cell cycle","2.1072099696478683","128","31"
"ANKRD11,AR,ARID1A,ARID1B,ARID2,ASNS,ASXL1,ASXL2,ATIC,ATM,ATR,ATRX,BAP1,BARD1,BCL11B,BCL6,BCL7A,BCLAF1,BCOR,BCORL1,BRD4,CASP8,CCDC6,CDC73,CDK12,CDK8,CDKN1A,CHD2,CHD4,CHEK2,CREBBP,CTCF,CTNNB1,CUL3,CUX1,DAXX,DDX3X,DIS3,DKC1,DNMT1,DNMT3A,DNMT3B,DOT1L,E2F1,E2F6,EED,ELOC,EMSY,EP300,ERCC2,ERCC3,ERCC5,ERCC6,ESR1,EWSR1,EZH2,FANCD2,FBXW7,FOXL2,FUBP1,FUS,GATA1,GATA3,GPS2,GSTP1,H3F3A,H3F3C,HDAC1,HDAC2,HDAC3,HDAC4,HDAC5,HIST1H1C,HIST1H1E,HIST3H3,HRAS,HSP90AA1,ING1,IRF2,KAT6A,KDM5A,KDM6A,KMT2A,KMT2B,KMT2C,KMT2D,LATS1,MAGI2,MAP3K7,MAX,MDM2,MDM4,MED1,MED12,MEN1,MGA,MLLT3,MSH3,MTA1,MYB,MYC,MYCL,MYCN,NCOA3,NCOR1,NCOR2,NF1,NHP2,NPM1,NSD1,NSD2,NUP93,NUP98,PA2G4,PALB2,PARP1,PBRM1,PCBP1,PELP1,PHB2,PHF6,PIAS4,PML,PNRC1,POT1,PPP1CA,PPP1CC,PPP2CA,PPP2CB,PPP2R1A,PPP2R2A,PRCC,PRDM1,PRKCZ,PRKDC,PRPF40B,PTPN11,RAD21,RAD50,RAF1,RANBP2,RARA,RB1,RBL1,RBM10,REL,RHOA,RPL5,RPS15,RSF1,RUNX1,RUNX1T1,RXRA,SETD2,SF1,SF3B1,SHQ1,SKP1,SLX4,SMAD2,SMARCA1,SMARCA4,SMARCB1,SMARCE1,SMC1A,SMC3,SOX2,SPEN,SRSF2,STAG1,STAG2,TAF1,TBL1XR1,TCF3,TERT,TFDP1,TNF,TOP1,TOP2A,TP53,U2AF1,UMPS,UPF1,VHL,WRN,WT1,XPA,XPC,XPO1,XRCC1,YEATS4,ZBTB2,ZNF217,ZRSR2","Regulation of biogenesis","0.7798","0.6104","cells ~ clinical","0.7651399491094147","CCDC6,CUL3,ELOC,H3F3A,H3F3C,HSP90AA1,PCBP1,PIAS4,PNRC1,POT1,PPP2R2A,PRKCZ,RAD50,RAF1,RXRA,SKP1,SLX4","1","Regulation of biogenesis","NEST:4","5","4","0.786","0.6014","1.0084","0.9854","false","Regulation of biogenesis","2.287801729930226","194","17"
"CREBBP,HDAC1,SMAD2,SMAD3,SMAD4,TGFBR1","SMAD-TGFbeta signaling","0.2842","0.2996","cells ~ clinical","1.094744121715076","CREBBP,HDAC1,SMAD2,SMAD3,SMAD4,TGFBR1","1","SMAD-TGFbeta signaling","NEST:146","0","1","0.2892","0.3166","1.057","1.054","false","SMAD-TGFbeta signaling","0.7781512503836436","6","6"
"ATM,ATR,BLM,BRCA1,XPA,XPC","RPA complex associated proteins","0.3174","0.3078","cells ~ clinical","0.8721272834413671","ATM,ATR,BLM,BRCA1,XPA,XPC","0","RPA complex associated proteins","NEST:134","1","0","0.3394","0.296","1.081","0.957","false","RPA complex associated proteins","0.7781512503836436","6","6"
"ERCC1,ERCC4,MLH1,MLH3,MSH2,MSH3,MSH6,PMS1,PMS2,SLX4","Extended mismatch repair complex","0.2828","0.2448","cells ~ clinical","0.7361778846153846","ERCC1,ERCC4,MLH1,MLH3,MSH2,MSH3,MSH6,PMS1,PMS2,SLX4","0","Extended mismatch repair complex","NEST:125","1","0","0.3328","0.245","1.2226","1.0308","false","Extended mismatch repair complex","1.0","10","10"
"CCND1,CCND2,CCND3,CCNE1,CCNE2,CDK4,CDK5,CDK6,CDKN1A,CDKN1B,CDKN1C,CDKN2A,CDKN2B,CDKN2C,CKS1B,E2F1,E2F2,E2F3,E2F4,E2F5,HLA-A,MDM2,RB1,RBL1,RBL2,TFDP1,TP53","Cyclin D associated events in G1","0.6484","0.545","cells ~ clinical","0.8334380892520428",,"1","Cyclin D associated events in G1","NEST:58","4","3","0.6364","0.5304","0.9818","0.9714","false","Cyclin D associated events in G1","1.4313637641589874","27",
"BCLAF1,CASP8,CDC73,CHEK2,CREBBP,CTCF,DDX3X,DKC1,EP300,EWSR1,FUS,HRAS,MDM2,NHP2,NPM1,PA2G4,PRPF40B,RBM10,RPL5,RPS15,SF1,SF3B1,SRSF2,TERT,TNF,TP53,U2AF1,UPF1,XPC,ZRSR2","Ribo- nucleoprotein complexes II","0.4876","0.5294","cells ~ clinical","0.9921641791044776","CHEK2,CTCF,DDX3X,DKC1,EP300,HRAS,MDM2,NHP2,NPM1,PA2G4,RPL5,RPS15,TERT,TP53,XPC","0","Ribonucleoprotein complexes II","NEST:17","3","3","0.536","0.5318","1.118","1.0048","false","Ribonucleoprotein complexes II","1.4771212547196624","30","15"
"ASNS,ATIC,CDC73,CDK8,CHEK2,CTCF,DDX3X,DIS3,DKC1,FOXL2,FUS,GSTP1,HDAC1,HRAS,NHP2,NPM1,NSD2,PA2G4,PELP1,PHB2,PPP2CA,PPP2CB,RHOA,RPL5,RPS15,SF3B1,SHQ1,TERT,TNF,TOP2A,UMPS,UPF1,VHL,XPC","Ribo- nucleoprotein complexes","0.5732","0.3742","cell","0.6577777777777778","ATIC,CDK8,GSTP1,HDAC1,PPP2CA,PPP2CB,TOP2A,UMPS,UPF1,VHL","0","Ribonucleoprotein complexes","NEST:9","3","1","0.585","0.3848","1.0282","1.03","false","Ribonucleoprotein complexes","1.5314789170422551","34","10"
"ANKRD11,AR,ARID1A,ARID1B,ARID2,ASXL1,ASXL2,ATM,ATR,ATRX,BAP1,BARD1,BCL11B,BCL6,BCL7A,BCLAF1,BCOR,BCORL1,BRD4,CASP8,CDC73,CDK12,CDK8,CHD2,CHD4,CREBBP,CTCF,CTNNB1,CUX1,DAXX,DDX3X,DKC1,DNMT1,DNMT3A,DNMT3B,DOT1L,E2F1,E2F6,EED,EMSY,EP300,ERCC2,ERCC3,ERCC5,ERCC6,ESR1,EWSR1,EZH2,FANCD2,FBXW7,FUBP1,FUS,GATA1,GATA3,HDAC1,HDAC2,HDAC3,HDAC5,HIST1H1E,HIST3H3,ING1,IRF2,KAT6A,KDM5A,KDM6A,KMT2A,KMT2B,KMT2C,KMT2D,LATS1,MAGI2,MAP3K7,MAX,MDM2,MED1,MED12,MEN1,MGA,MLLT3,MSH3,MTA1,MYB,MYC,MYCL,MYCN,NCOR1,NF1,NPM1,NSD1,NUP98,PALB2,PARP1,PBRM1,PHF6,PML,PPP1CA,PPP1CC,PPP2R1A,PRCC,PRDM1,PRKDC,PRPF40B,PTPN11,RAD21,RANBP2,RARA,RB1,RBL1,RBM10,REL,RSF1,RUNX1,SETD2,SF1,SF3B1,SMAD2,SMARCA1,SMARCA4,SMARCB1,SMARCE1,SMC1A,SMC3,SOX2,SPEN,SRSF2,STAG1,STAG2,TAF1,TBL1XR1,TERT,TFDP1,TNF,TOP1,TOP2A,TP53,U2AF1,UPF1,WRN,WT1,XPA,XPO1,XRCC1,YEATS4,ZBTB2,ZNF217,ZRSR2","Reg. of transcription","0.7272","0.6002","cells ~ clinical","0.7815908486299548","ANKRD11,ASXL1,ATM,ATR,BAP1,CUX1,DOT1L,ERCC2,ERCC3,ERCC5,ERCC6,FANCD2,HDAC5,LATS1,MAP3K7,MLLT3,MSH3,NCOR1,NUP98,PPP1CA,PPP2R1A,WT1,XPA","1","Regulation of transcription","NEST:6","5","3","0.7518","0.5876","1.0356","0.979","false","Regulation of transcription","2.164352855784437","146","23"
"AKT1,AR,CDKN1B,CREBBP,EP300,FOXO3,RARA,SMAD4,SMARCB1,VHL","CBP and p300 binds NF-kB complex","0.3124","0.3772","cells ~ clinical","0.8347746927628584","AKT1,AR,CDKN1B,CREBBP,EP300,FOXO3,RARA,SMAD4,SMARCB1,VHL","1","CBP and p300 binds NF-kB complex","NEST:168","2","1","0.4394","0.3668","1.5346","0.9668","false","CBP and p300 binds NF-kB complex","1.0","10","10"
"CHEK2,CREBBP,CTNNB1,EP300,HDAC2,HDAC3,KAT6A,KMT2A,TCF3,TP53","NEST:126","0.297","0.4482","cells ~ clinical","1.1384457025218735","CHEK2,CREBBP,CTNNB1,EP300,HDAC2,HDAC3,KAT6A,KMT2A,TCF3,TP53","0","NEST:126","NEST:126","1","2","0.3886","0.4424","1.4424","0.9906","false","NEST:126","1.0","10","10"
"ANKRD11,AR,BCL6,CREBBP,GPS2,HDAC1,HDAC2,HDAC3,HDAC4,HDAC5,NCOA3,NCOR1,NCOR2,PML,RUNX1T1,TBL1XR1","Histone deacetylation","0.357","0.2244","cell","0.439662447257384","AR,BCL6,HDAC1,HDAC2,HDAC4,HDAC5,RUNX1T1","0","HDACs deacetylate histones","NEST:107","2","0","0.474","0.2084","1.5432","0.9254","false","HDACs deacetylate histones","1.2041199826559248","16","7"
"DAXX,GATA3,NUP93,NUP98,RANBP2,TERT,XPO1","Nuclear transport","0.4166","0.17","cell","0.3792282039066222","GATA3","0","Nuclear transport","NEST:44","2","0","0.4198","0.1592","1.0072","0.9474","false","Nuclear transport","0.8450980400142568","7","1"
"CDC73,CHD2,DNMT3A,KMT2A,PPP1CC,PTPN11,SETD2,TERT","Transcription elongation","0.3348","0.3238","cells ~ clinical","1.0343490304709142","CDC73,CHD2,DNMT3A,KMT2A,PPP1CC,PTPN11,SETD2,TERT","0","Transcription elongation","NEST:42","1","1","0.361","0.3734","1.0818","1.1934","false","Transcription elongation","0.9030899869919435","8","8"
"RAD21,SMC1A,SMC3,STAG1,STAG2","Cohesin complex","0.2722","0.14","cell","0.4427244582043343","RAD21,SMC1A,SMC3,STAG1,STAG2","0","Cohesin complex","NEST:196","1","0","0.323","0.143","1.413","1.0228","false","Cohesin complex","0.6989700043360189","5","5"
"ANKRD11,GPS2,HDAC3,NCOR1,NCOR2,PML,TBL1XR1","NEST:163","0.3258","0.0464","cell","0.08846857840146431","ANKRD11,GPS2,HDAC3,NCOR1,NCOR2,PML,TBL1XR1","0","NEST:163","NEST:163","1","0","0.3278","0.029","1.009","0.4702","false","NEST:163","0.8450980400142568","7","7"
"PPP2CA,PPP2CB,PPP2R1A,PPP2R1B,PPP2R2A","Phosphatase 2A catalytic subunit","0.188","0.0718","unimportant","0.40656851642129105","PPP2CA,PPP2CB,PPP2R1A,PPP2R1B,PPP2R2A","1","Phosphatase 2A catalytic subunit","NEST:170","0","0","0.1766","0.0718","0.7138","1.0","false","Phosphatase 2A catalytic subunit","0.6989700043360189","5","5"
"CCND1,CCND2,CCND3,CCNE1,CCNE2,CDK4,CDK6,CDKN1A,CDKN1B,CDKN2A,CDKN2B,CDKN2C,TP53","G1 to S cell cycle control","0.4064","0.4172","cells ~ clinical","0.8222967309304275","CCND1,CCND2,CCND3,CCNE1,CCNE2,CDK4,CDK6,CDKN1A,CDKN1B,CDKN2A,CDKN2B,CDKN2C,TP53","0","G1 to S cell cycle control","NEST:150","2","1","0.4772","0.3924","1.1984","1.0038","false","G1 to S cell cycle control","1.1139433523068367","13","13"
"APC,AXIN1,CTNNB1,GSK3B,HLA-A","Beta-catenin destruction complex","0.183","0.1618","unimportant","0.4906609195402299","APC,AXIN1,CTNNB1,GSK3B,HLA-A","1","Beta-catenin destruction complex","NEST:239","0","0","0.2784","0.1366","3.2134","0.8394","false","Beta-catenin destruction complex","0.6989700043360189","5","5"
"CASP8,DAXX,FAS,MAP2K4,MAPK1,PARP1,TP53","Intrinsic apoptosis","0.2668","0.374","cells ~ clinical","1.1111111111111112","CASP8,DAXX,FAS,MAP2K4,MAPK1,PARP1,TP53","1","Intrinsic pathway for apoptosis","NEST:127","1","1","0.3402","0.378","-5.3064","1.015","false","Intrinsic pathway for apoptosis","0.8450980400142568","7","7"
"ANKRD11,BCL6,CEBPA,CREBBP,ESR2,GPS2,HDAC3,HDAC5,NCOA3,NCOR1,NCOR2,NRIP1,PGR,RARA,RUNX1T1,RXRA,TBL1XR1","Nuclear receptor transcription","0.3462","0.2604","cell","0.44412607449856734","BCL6,CEBPA,ESR2,GPS2,HDAC3,HDAC5,NRIP1,PGR,RARA,RUNX1T1,RXRA,TBL1XR1","1","Nuclear receptor transcription pathway","NEST:60","2","0","0.4886","0.217","1.6122","0.8666","false","Nuclear receptor transcription pathway","1.2304489213782739","17","12"
"BARD1,BLM,BRCA1,BRCA2,BUB1B,FANCD2,RAD51,RAD51C,TP53","Resolution of D-loop structures","0.4126","0.3914","cells ~ clinical","1.095669687814703","BARD1,BLM,BRCA1,BRCA2,BUB1B,FANCD2,RAD51,RAD51C,TP53","1","Resolution of D-loop structures","NEST:193","1","2","0.3972","0.4352","0.9636","1.1466","false","Resolution of D-loop structures","0.9542425094393249","9","9"
"CUL3,DDB2,ELOC,MDM2,NF2,STK11,TET2,VHL","COP9 signalosome/ Cul4-RING ubiquitin E3 ligase complex","0.2176","0.2462","cell","0.5968063872255489","CUL3,DDB2,ELOC,MDM2,NF2,STK11,TET2,VHL","1","COP9 signalosome/Cul4-RING ubiquitin E3 ligase complex","NEST:61","1","0","0.3006","0.1794","1.5332","0.7048","false","COP9 signalosome/Cul4-RING ubiquitin E3 ligase complex","0.9030899869919435","8","8"
"APC,CBL,CDH1,CDH2,CTNNA1,CTNNB1,EGF,EGFR,FYN,HDAC2","EGF/ beta-catenin signaling","0.3378","0.27","cells ~ clinical","0.7215189873417721","APC,CBL,CDH1,CDH2,CTNNA1,CTNNB1,EGF,EGFR,FYN,HDAC2","1","EGF/beta-catenin signaling","NEST:142","2","0","0.4108","0.2964","1.3584","1.1014","false","EGF/beta-catenin signaling","1.0","10","10"
"ARFRP1,CALR,EGFR,SEC23B,TRAF3,TUSC3","Protein processing in ER","0.3586","0.2244","cell","0.6581246359930111","ARFRP1,CALR,EGFR,SEC23B,TRAF3,TUSC3","0","Protein processing in endoplasmic reticulum","NEST:21","1","0","0.3434","0.226","0.9824","1.0104","false","Protein processing in endoplasmic reticulum","0.7781512503836436","6","6"
"APC,CBL,CDH1,CDH2,CTNNA1,CTNNB1,EGF,EGFR,ERBB2,FYN,HDAC1,HDAC2,SOX2,TCF7L2","Adherens junction","0.4716","0.3586","cells ~ clinical","0.6986027944111776","HDAC1,SOX2","0","Adherens junction","NEST:108","3","1","0.501","0.35","1.0618","0.9746","false","Adherens junction","1.146128035678238","14","2"
"BCR,CBL,CBLB,CSF3R,EGF,EGFR,ERBB2,ERBB3,ERBB4,FRS2,INPPL1,IRS1,JAK1,JAK2,PDGFRA,PIK3R1,PLCG2,PTPN11,RET,STAT3,STAT5A","Erb and JAK-STAT signaling","0.316","0.288","cell","0.6598393574297189","BCR,CBL,CBLB,CSF3R,EGF,EGFR,ERBB2,ERBB3,ERBB4,FRS2,INPPL1,IRS1,JAK1,JAK2,PDGFRA,PIK3R1,PLCG2,PTPN11,RET,STAT3,STAT5A","0","Erb and JAK-STAT signaling","NEST:89","2","1","0.498","0.3286","2.0786","1.1468","false","Erb and JAK-STAT signaling","1.3222192947339193","21","21"
"CUL3,ELOC,FBXW7,HSP90AA1,PARK2,SKP1,STK11,VHL","COP9 signalosome/ SCF ubiquitin E3 ligase complex","0.228","0.1808","unimportant","0.2770897832817337","CUL3,ELOC,FBXW7,HSP90AA1,PARK2,SKP1,STK11,VHL","0","COP9 signalosome/SCF ubiquitin E3 ligase complex","NEST:77","0","0","0.2584","0.0716","1.1816","0.4064","false","COP9 signalosome/SCF ubiquitin E3 ligase complex","0.9030899869919435","8","8"
"EGF,EGFR,ERBB3,ERBB4,FGF1,FGF2,FGF5,FGF7,FRS2,IGF1,IGF2,MYC,RB1,TP53","EGF/FGF stim. of cell proliferation","0.502","0.4276","cells ~ clinical","0.9691293791189732","EGF,EGFR,ERBB3,ERBB4,FGF1,FGF2,FGF5,FGF7,FRS2,IGF1,IGF2,MYC,RB1,TP53","0","EGF/FGF stimulation of cell proliferation","NEST:132","3","3","0.5766","0.5588","1.304","1.6712","false","EGF/FGF stimulation of cell proliferation","1.146128035678238","14","14"
"ARFRP1,CALR,CFTR,EGFR,KRAS,NRAS,PIK3C3,PREX2,RAB35,RAC1,RINT1,SEC23B,TNF,TRAF3,TUSC3","Membrane trafficking","0.4404","0.242","cell","0.5829675153643546","CFTR,KRAS,NRAS,PIK3C3,PREX2,RAB35,RAC1,RINT1,TNF","0","Membrane trafficking","NEST:12","2","0","0.4556","0.2656","1.0542","1.1698","false","Membrane trafficking","1.1760912590556813","15","9"
"ABL1,CBL,CRKL,CTNNB1,EGF,EGFR,ERBB2,MET,PIK3R1,PIK3R2,SOCS1","PIK3-EGFR signaling","0.3096","0.2992","cell","0.5770843036795529","ABL1,CBL,CRKL,CTNNB1,EGF,EGFR,ERBB2,MET,PIK3R1,PIK3R2,SOCS1","1","PIK3-EGFR signaling","NEST:153","2","0","0.4294","0.2478","1.6304","0.8454","false","PIK3-EGFR signaling","1.0413926851582251","11","11"
"BIRC3,CASP8,CD40,FAS,MAP3K7,PARP1,TNF,TNFAIP3,TNFRSF9,TP53,TRAF2,TRAF3","TNF signaling","0.3276","0.3574","cells ~ clinical","0.8291316526610645","BIRC3,CASP8,CD40,FAS,MAP3K7,PARP1,TNF,TNFAIP3,TNFRSF9,TP53,TRAF2,TRAF3","1","TNF signaling pathway","NEST:83","2","1","0.4284","0.3552","1.6742","0.998","false","TNF signaling pathway","1.0791812460476249","12","12"
"AKT1,AKT2,AKT3,FOXO3,HSP90AA1,PDPK1,PIK3CB,PIK3CD,PRKCZ,PRKDC,PTEN","PIK3/AKT/PTEN signaling","0.3014","0.2718","cell","0.6368821292775666","AKT1,AKT2,AKT3,FOXO3,HSP90AA1,PDPK1,PIK3CB,PIK3CD,PRKCZ,PRKDC,PTEN","0","PIK3/AKT/PTEN signaling","NEST:138","2","0","0.4208","0.268","1.392","0.9874","false","PIK3/AKT/PTEN signaling","1.0413926851582251","11","11"
"AKT1,MAPK1,MTOR,PPP2R2A,RICTOR,RPS6KB1,RPTOR,SQSTM1","AKT/MTOR pathway II","0.362","0.2412","cell","0.59","AKT1,MAPK1,MTOR,PPP2R2A,RICTOR,RPS6KB1,RPTOR,SQSTM1","1","AKT/MTOR pathway II","NEST:137","2","0","0.4","0.236","1.1076","1.0224","false","AKT/MTOR pathway II","0.9030899869919435","8","8"
"ABL1,ACVR1B,AKT1,AKT2,AKT3,ALK,ALOX12B,AMER1,ANKRD11,APC,ARAF,ARFRP1,AURKB,AXIN1,AXIN2,BARD1,BCAR1,BCL2,BCL2L1,BCL2L11,BCL2L2,BCL6,BCLAF1,BCR,BIRC3,BMPR1A,BRAF,BRCA1,BTK,CALR,CASP8,CBL,CBLB,CCND1,CD40,CDC25A,CDH1,CDH2,CDKN1B,CEBPA,CFTR,CHEK2,CREBBP,CRKL,CSF3R,CTC1,CTNNA1,CTNNB1,CTRC,CUL3,DAXX,DDB2,EBF1,EGF,EGFR,EGLN1,ELOC,EP300,EPCAM,EPHB2,ERBB2,ERBB3,ERBB4,ESR2,ETV4,ETV5,FAS,FBXO11,FBXW7,FGF1,FGF2,FGF5,FGF7,FGFR1,FGFR2,FGFR3,FGFR4,FH,FLG,FOXO1,FOXO3,FRS2,FYN,GPS2,GSK3B,HDAC1,HDAC2,HDAC3,HDAC4,HDAC5,HLA-A,HRAS,HSP90AA1,IFNAR1,IFNAR2,IFNGR1,IGF1,IGF1R,IGF2,INPPL1,INSR,IRS1,IRS2,ITPKB,JAK1,JAK2,KDM5C,KEAP1,KLF4,KRAS,LDLR,MAP2K1,MAP2K2,MAP2K4,MAP3K1,MAP3K7,MAPK1,MCL1,MDM2,MDM4,MET,MIB1,MS4A1,MTOR,MYC,NCOA3,NCOR1,NCOR2,NF2,NFE2L2,NOTCH1,NOTCH2,NRAS,NRIP1,PARK2,PARP1,PDGFRA,PDPK1,PGR,PIAS4,PIK3C3,PIK3CA,PIK3CB,PIK3CD,PIK3R1,PIK3R2,PIK3R3,PLCG2,PPP1CA,PPP2R2A,PRAME,PREX2,PRKAR1A,PRKCI,PRKCZ,PRKDC,PRSS1,PRSS8,PTEN,PTK2,PTPN11,PTPN13,RAB35,RAC1,RAF1,RARA,RASA1,RB1,RET,RHOA,RICTOR,RINT1,RIT1,RPS6KB1,RPTOR,RUNX1T1,RXRA,SDHA,SDHB,SEC23B,SKP1,SMAD2,SMAD3,SMAD4,SOCS1,SOD2,SOX2,SQSTM1,SRC,STAT3,STAT5A,STAT5B,STAT6,STK11,SYK,TBC1D12,TBL1XR1,TBX3,TCF3,TCF7L2,TET2,TGFBR1,TGFBR2,TNF,TNFAIP3,TNFRSF9,TP53,TRAF2,TRAF3,TSC1,TSC2,TUSC3,VHL,YAP1,ZNF471,ZNF750","Other signaling processes","0.8308","0.8236","cells ~ clinical","0.9850606909430438","BCLAF1,CTC1,CTRC,EP300,FGFR3,FH,ITPKB,KDM5C,KEAP1,LDLR,MAP3K1,NFE2L2,NOTCH1,NOTCH2,PRKAR1A,PRKCI,PRSS1,RHOA,SDHA,SDHB,TBC1D12,TCF3,YAP1,ZNF471","1","Other signaling processes","NEST:1","5","5","0.8568","0.844","1.0314","1.0252","false","Other signaling processes","2.3344537511509307","216","24"
"AMER1,AXIN1,CTNNB1,DAXX,MYC","Non-canonical Wnt signaling pathway","0.255","0.2012","cell","0.5578144853875476","AMER1,AXIN1,CTNNB1,DAXX,MYC","0","Non-canonical Wnt signaling pathway","NEST:221","1","0","0.3148","0.1756","1.5122","0.8772","false","Non-canonical Wnt signaling pathway","0.6989700043360189","5","5"
"ARAF,BRAF,HRAS,KRAS,MAP2K1,MAPK1,RAF1","RAS-RAF-MAPK signaling","0.3328","0.207","cell","0.578733294596165","ARAF,BRAF,HRAS,KRAS,MAP2K1,MAPK1,RAF1","1","RAS-RAF-MAPK signaling","NEST:212","1","0","0.3442","0.1992","1.1232","0.9748","false","RAS-RAF-MAPK signaling","0.8450980400142568","7","7"
"ABL1,AKT1,ARAF,BRAF,CBL,CDC25A,CDKN1B,EGFR,HDAC4,HDAC5,HRAS,KRAS,MAP2K1,MAP2K2,MAPK1,MDM4,MYC,RAF1,STAT3,STAT5A,TNF,TSC1,TSC2","MAPK signaling","0.4872","0.3792","cells ~ clinical","0.7435303205870992","ABL1,AKT1,CBL,CDKN1B,EGFR,MDM4,TNF,TSC1,TSC2","0","MAPK signaling","NEST:73","3","1","0.5178","0.385","1.0866","1.0128","false","MAPK signaling","1.3617278360175928","23","9"
"EGFR,ERBB2,FGFR1,FRS2,KRAS,STAT3","NEST:195","0.3536","0.3038","cells ~ clinical","0.8782467532467533","EGFR,ERBB2,FGFR1,FRS2,KRAS,STAT3","1","NEST:195","NEST:195","1","1","0.3696","0.3246","1.0744","1.0926","false","NEST:195","0.7781512503836436","6","6"
"CUL3,ELOC,FBXW7,HSP90AA1,MDM2,SKP1,STK11,TNF,VHL","Protein neddylation","0.2548","0.1776","cell","0.37347853939782194","CUL3,ELOC,FBXW7,HSP90AA1,MDM2,SKP1,STK11,TNF,VHL","0","Protein neddylation","NEST:105","1","0","0.3122","0.1166","1.3946","0.5852","false","Protein neddylation","0.9542425094393249","9","9"
"AKT1,APC,AXIN1,AXIN2,CTNNB1,GSK3B,HLA-A,PPP1CA","Extended beta-catenin destruction complex","0.2834","0.2288","cells ~ clinical","0.7333333333333333","AKT1,AXIN2,PPP1CA","0","Extended beta-catenin destruction complex","NEST:174","1","0","0.324","0.2376","2.914","1.0818","false","Extended beta-catenin destruction complex","0.9030899869919435","8","3"
"AURKB,CCND1,CUL3,DDB2,ELOC,ETV4,ETV5,FBXO11,FBXW7,HSP90AA1,MDM2,NF2,PARK2,PRAME,RIT1,SKP1,STK11,TET2,TNF,TP53,VHL","Ubiquitination and neddylation","0.3982","0.3944","cells ~ clinical","0.9531987977672821","AURKB,CCND1,ETV4,ETV5,FBXO11,PRAME,RIT1,TP53","1","Ubiquitination and neddylation","NEST:32","2","2","0.4658","0.444","1.2056","1.4044","false","Ubiquitination and neddylation","1.3222192947339193","21","8"
"ARAF,BRAF,CDC25A,HDAC4,HDAC5,HRAS,KRAS,MAP2K1,MAP2K2,MAPK1,MYC,RAF1,STAT3,STAT5A","MAPK and MAP2K activation","0.3146","0.2544","cell","0.5137294058911632","CDC25A,HDAC4,HDAC5,MAP2K2,MYC,STAT3,STAT5A","0","MAPK and MAP2K activation","NEST:104","2","0","0.4006","0.2058","1.4164","0.8424","false","MAPK and MAP2K activation","1.146128035678238","14","7"
"APC,CTNNA1,CTNNB1,EGFR,ERBB2,HDAC2,TCF7L2","Beta-catenin-TCF complex","0.2914","0.2952","cells ~ clinical","0.7959396147839668","APC,CTNNA1,CTNNB1,EGFR,ERBB2,HDAC2,TCF7L2","0","Beta-catenin-TCF complex","NEST:182","1","1","0.3842","0.3058","1.6182","1.0474","false","Beta-catenin-TCF complex","0.8450980400142568","7","7"
"BCL2,BCL2L1,BCL2L11,BCL2L2,CASP8,FAS,IFNGR1,MCL1,MS4A1,PARP1,PTPN13,TBX3,TP53","Apoptosis","0.254","0.3884","cells ~ clinical","0.9600877192982457","BCL2,BCL2L1,BCL2L11,BCL2L2,CASP8,FAS,IFNGR1,MCL1,MS4A1,PARP1,PTPN13,TBX3,TP53","0","Apoptosis","NEST:47","2","2","0.456","0.4378","0.695","1.2898","false","Apoptosis","1.1139433523068367","13","13"
"PIAS4,PTEN,SMAD2,SMAD3,SMAD4,TGFBR1,TGFBR2","TGF-beta pathway/SMAD protein complex","0.2782","0.2068","unimportant","0.8112927191679049","PIAS4,PTEN,SMAD2,SMAD3,SMAD4,TGFBR1,TGFBR2","0","TGF-beta pathway/SMAD protein complex","NEST:81","0","0","0.2692","0.2184","1.0364","1.0662","false","TGF-beta pathway/SMAD protein complex","0.8450980400142568","7","7"
"E2F1,E2F2,E2F4,MDM2,RB1,TFDP1,TP53","Oncogene induced senescence","0.4514","0.4726","cells ~ clinical","0.9848357203032856","E2F1,E2F2,E2F4,MDM2,RB1,TFDP1,TP53","0","Oncogene induced senescence","NEST:199","2","2","0.4748","0.4676","1.0512","0.9886","false","Oncogene induced senescence","0.8450980400142568","7","7"
"BCLAF1,CASP8,CDC73,CREBBP,EWSR1,FUS,PRPF40B,RBM10,SF1,SF3B1,SRSF2,TNF,U2AF1,UPF1,ZRSR2","Spliceosomal-snRNP complex","0.3512","0.3484","cells ~ clinical","1.0373092142453364","BCLAF1,CASP8,CREBBP,EWSR1,FUS,SRSF2,TNF,U2AF1,UPF1","0","Spliceosomal-snRNP complex","NEST:26","1","1","0.3538","0.367","1.0076","1.0492","false","Spliceosomal-snRNP complex","1.1760912590556813","15","9"
"ERG,FLT1,FLT4,KDR,NOTCH4,SH2B3,VEGFA,VSIR","NEST:49","0.3406","0.1784","cell","0.5919335705812574","VSIR","0","NEST:49","NEST:49","1","0","0.3372","0.1996","0.983","1.2108","false","NEST:49","0.9030899869919435","8","1"
"BRCA1,CHEK1,EP300,HDAC1,IKZF1,JUN,MDM2,PARP1,PML,SMARCA4,TP53","Regulation of TP53","0.3436","0.3972","cells ~ clinical","1.1068052930056709","BRCA1,CHEK1,EP300,HDAC1,IKZF1,JUN,MDM2,PARP1,PML,SMARCA4,TP53","0","Regulation of TP53 Activity","NEST:117","2","2","0.4232","0.4684","1.2798","1.3824","false","Regulation of TP53 Activity","1.0413926851582251","11","11"
"C8orf34,CBL,GALNT12,MYOD1,TPM1","Contractile fiber","0.2302","0.2486","unimportant","0.734375","C8orf34,CBL,GALNT12,MYOD1,TPM1","1","Contractile fiber","NEST:27","0","0","0.2048","0.1504","0.8604","0.5606","false","Contractile fiber","0.6989700043360189","5","5"
"ACTA2,CD276,FANCC,FGF10,GREM1,PALLD,PDGFRB,TNF","Extracellular matrix","0.4016","0.0788","cell","0.19495884773662553","CD276,GREM1","0","Extracellular matrix","NEST:31","1","0","0.3888","0.0758","0.9664","0.0332","false","Extracellular matrix","0.9030899869919435","8","2"
"BCLAF1,CASP8,RBM10,SF1,SPEN,SRSF2,U2AF1","Regulation of mRNA processing","0.1594","0.1854","unimportant","0.9839228295819937","BCLAF1,CASP8,RBM10,SF1,SPEN,SRSF2,U2AF1","0","Regulation of mRNA processing","NEST:39","0","0","0.1866","0.1836","1.3892","0.9868","false","Regulation of mRNA processing","0.8450980400142568","7","7"
"B2M,HLA-A,HLA-B,HLA-C,HLA-E,HLA-F,HLA-G,TAP2","MHC class I including non-classical MHCs","0.143","0.0892","unimportant","0.34264884568651277","B2M,HLA-A,HLA-B,HLA-C,HLA-E,HLA-F,HLA-G,TAP2","1","MHC class I including non-classical MHCs","NEST:202","0","0","0.1646","0.0564","1.2452","0.6616","false","MHC class I including non-classical MHCs","0.9030899869919435","8","8"
"CDC73,PRPF40B,RBM10,SF1,SF3B1,ZRSR2","Spliceosomal complex","0.1458","0.3766","genie","3.0427892234548337","CDC73,PRPF40B,RBM10,SF1,SF3B1,ZRSR2","0","Spliceosomal complex","NEST:35","0","1","0.1262","0.384","1.422","1.0228","false","Spliceosomal complex","0.7781512503836436","6","6"
"ACTA2,CASR,MYH11,PALLD,TPM1","Cell-extracellular matrix interactions","0.2478",,,,"ACTA2,CASR,MYH11,PALLD,TPM1","0","Cell-extracellular matrix interactions","NEST:54","0","0","0.2842",,"1.191",,"false","Cell-extracellular matrix interactions","0.6989700043360189","5","5"
"MYH11,NFE2L2,PIK3CA,PPP1CB,TPM1","Actin cytoskeleton","0.2298","0.125","cell","0.42536327608982827","MYH11,NFE2L2,PIK3CA,PPP1CB,TPM1","0","Actin cytoskeleton","NEST:48","1","0","0.3028","0.1288","2.2896","0.988","false","Actin cytoskeleton","0.6989700043360189","5","5"
"ACTA2,CBL,MYH11,PALLD,PIK3CA,PPP1CB,TNF,TPM1","Actin filaments","0.3766","0.116","cell","0.3078961314255432","ACTA2,PALLD,TNF","0","Actin filaments","NEST:40","1","0","0.3774","0.1162","1.011","1.001","false","Actin filaments","0.9030899869919435","8","3"
"BRCA1,BRIP1,MLH1,PMS1,PMS2","MutL alpha/beta complex","0.2536","0.2158","unimportant","1.011063829787234","BRCA1,BRIP1,MLH1,PMS1,PMS2","0","MutL alpha/beta complex","NEST:277","0","0","0.235","0.2376","0.916","1.1446","false","MutL alpha/beta complex","0.6989700043360189","5","5"
"MLH1,MSH2,MSH3,MSH6,PMS2","MutS homologs","0.2638","0.217","unimportant","0.9542989930286601","MLH1,MSH2,MSH3,MSH6,PMS2","0","MutS homologs","NEST:231","0","0","0.2582","0.2464","0.98","1.1624","false","MutS homologs","0.6989700043360189","5","5"
"BARD1,BLM,BRCA1,BRCA2,BUB1B,CHEK1,FANCD2,RAD51,RAD51C,TOP2A,TP53,WRN","Homologous recombination","0.4162","0.4532","cells ~ clinical","1.1373346897253307","CHEK1,TOP2A,WRN","0","Homologous recombination","NEST:130","1","2","0.3932","0.4472","0.9412","0.9854","false","Homologous recombination","1.0791812460476249","12","3"
"AURKA,AURKB,BUB1B,CHEK1,MKI67,RAD51,TOP2A","Chromosome centrometric region","0.2886","0.2592","cell","0.3170871559633028","AURKA,AURKB,BUB1B,CHEK1,MKI67,RAD51,TOP2A","1","Chromosome centrometric region","NEST:59","1","0","0.3488","0.1106","1.5162","0.346","false","Chromosome centrometric region","0.8450980400142568","7","7"
"DAXX,NUP93,NUP98,RANBP2,TERT,XPO1","SUMOylation for nuclear transport","0.4098","0.145","cell","0.3151750972762646","DAXX","1","SUMOylation for nuclear transport","NEST:69","2","0","0.4112","0.1296","1.0026","0.9066","false","SUMOylation for nuclear transport","0.7781512503836436","6","1"
"CBL,MYH11,PIK3CA,PPP1CB,TPM1","Actin and actin-associated proteins","0.2648","0.199","cell","0.37371134020618557","CBL,MYH11,PIK3CA,PPP1CB,TPM1","1","Actin and actin-associated proteins","NEST:63","1","0","0.3104","0.116","1.7018","0.1634","false","Actin and actin-associated proteins","0.6989700043360189","5","5"
"IFIT1,IFIT2,IFIT3,PML,TAP1,TAP2,TNF","Type I interferon signaling pathway","0.214",,,,"IFIT1,IFIT2,IFIT3,PML,TAP1,TAP2,TNF","0","Type I interferon signaling pathway","NEST:43","0","0","0.1956",,"0.9656",,"false","Type I interferon signaling pathway","0.8450980400142568","7","7"
"ACTA2,FANCC,FGF10,PALLD,PDGFRB,TNF","ECM-cytoskeleton assembly","0.344","0.162","cell","0.24176408076514344","ACTA2,FANCC,FGF10,PALLD,PDGFRB,TNF","1","ECM-cytoskeleton assembly","NEST:51","1","0","0.3764","0.091","1.2258","0.6598","false","ECM-cytoskeleton assembly","0.7781512503836436","6","6"
"CCND1,CCND2,CCND3,CCNE1,CCNE2,CDK4,CDK5,CDK6,CDKN1A,CDKN1B,CDKN1C,CDKN2A,CDKN2B,CDKN2C,CKS1B,HLA-A,TP53","CDK holoenzyme complex II","0.507","0.4108","cells ~ clinical","0.7834493426140758","CDK5,CDKN1C,CKS1B,HLA-A","0","CDK holoenzyme complex II","NEST:102","3","2","0.5172","0.4052","1.0222","0.9826","false","CDK holoenzyme complex II","1.2304489213782739","17","4"
"E2F1,E2F4,RBL1,RBL2,TP53","RBL-TP53 complex","0.3454","0.3078","cells ~ clinical","0.9287869643934823","E2F1,E2F4,RBL1,RBL2,TP53","1","RBL-TP53 complex","NEST:293","1","1","0.3314","0.3078","0.9344","1.0016","false","RBL-TP53 complex","0.6989700043360189","5","5"
"CCND1,CCND2,CCND3,CCNE1,CCNE2,CDK4,CDK6,CDKN1A,CDKN1B,CDKN2A,CDKN2B,CDKN2C,CKS1B,RB1,TP53","CDK holoenzyme complex I","0.569","0.5342","cells ~ clinical","0.9193154034229829","CKS1B,RB1","0","CDK holoenzyme complex I","NEST:110","3","3","0.5726","0.5264","1.0062","0.9832","false","CDK holoenzyme complex I","1.1760912590556813","15","2"
"BRCA1,BUB1B,CCND1,CCNE1,CDKN1A,CDKN1B,CDKN2A,CKS1B,CREBBP,CTNNB1,E2F1,EP300,HDAC1,HLA-A,MYC,RB1,RBL1,TOP2A,TP53","Reg. of CDK activity II","0.52","0.4914","cells ~ clinical","1.0003261578604044","BRCA1,BUB1B,CCND1,CCNE1,CDKN1B,CDKN2A,CKS1B,CTNNB1,E2F1,HDAC1,HLA-A,MYC,RB1,TOP2A","1","NEST:91","NEST:91","4","4","0.6132","0.6134","1.2422","1.9404","false","NEST:91","1.2787536009528289","19","14"
"BCOR,BCORL1,E2F6,EED,EZH2,MGA,TFDP1,TNF","Extended PRC1 complex","0.2548","0.226","cell","0.3306709265175719","BCOR,BCORL1,E2F6,EED,EZH2,MGA,TFDP1,TNF","1","Extended PRC1 complex","NEST:82","1","0","0.3756","0.1242","1.7664","0.4958","false","Extended PRC1 complex","0.9030899869919435","8","8"
"ERG,FLT1,FLT4,KDR,NOTCH4,SH2B3,VEGFA","NEST:80","0.2152","0.226","unimportant","0.6428571428571428","ERG,FLT1,FLT4,KDR,NOTCH4,SH2B3,VEGFA","0","NEST:80","NEST:80","0","0","0.2828","0.1818","2.2688","0.8258","false","NEST:80","0.8450980400142568","7","7"
"ANKRD11,CREBBP,NCOA3,NCOR1,NCOR2","Regulation of androgen receptor signaling pathway","0.2806","0.2388","cell","0.6017060367454068","ANKRD11,CREBBP,NCOA3,NCOR1,NCOR2","0","Regulation of androgen receptor signaling pathway","NEST:210","1","0","0.3048","0.1834","1.1844","0.7752","false","Regulation of androgen receptor signaling pathway","0.6989700043360189","5","5"
"E2F1,E2F2,E2F3,E2F4,E2F5,MDM2,RB1,RBL1,RBL2,TFDP1,TP53","Reg. of E2F transcr. via DREAM","0.5128","0.4708","cells ~ clinical","0.8912466843501325","E2F3,E2F5","1","Regulation of E2F transcription via DREAM complex","NEST:119","3","2","0.5278","0.4704","1.0278","0.9994","false","Regulation of E2F transcription via DREAM complex","1.0413926851582251","11","2"
"EP300,KDM6A,KMT2A,KMT2B,KMT2D,MEN1","Histone methyltransferase subcomplex","0.237","0.248","unimportant","0.890151515151515","EP300,KDM6A,KMT2A,KMT2B,KMT2D,MEN1","0","Histone methyltransferase subcomplex","NEST:133","0","0","0.264","0.235","1.235","0.9506","false","Histone methyltransferase subcomplex","0.7781512503836436","6","6"
"ARID1A,ARID1B,ARID2,PBRM1,SMARCA4,SMARCB1,SMARCE1,SOX2","BAF (SWI/SNF) complex","0.2632","0.2382","cell","0.5482428115015975","ARID1A,ARID1B,ARID2,PBRM1,SMARCA4,SMARCB1,SMARCE1,SOX2","0","BAF (SWI/SNF) complex","NEST:129","1","0","0.313","0.1716","1.7362","0.7314","false","BAF (SWI/SNF) complex","0.9030899869919435","8","8"
"E2F1,HIST3H3,MED1,TAF1,TP53","Transcription coactivator activity","0.3184","0.3168","cells ~ clinical","0.8766968325791854","E2F1,HIST3H3,MED1,TAF1,TP53","1","Transcription coactivator activity","NEST:165","1","1","0.3536","0.31","1.6056","0.9732","false","Transcription coactivator activity","0.6989700043360189","5","5"
"NUP93,NUP98,RANBP2,TERT,XPO1","tRNA transport","0.364","0.1652","cell","0.3749336165693043","NUP93,NUP98,RANBP2,TERT,XPO1","1","tRNA transport","NEST:93","1","0","0.3766","0.1412","1.0758","0.8588","false","tRNA transport","0.6989700043360189","5","5"
"ACTA2,ARHGAP26,CASR,CBL,CDH1,CHEK2,DNM2,EGFR,ESR1,GNA11,GNA13,GNAQ,GNAS,HSP90AA1,LATS1,LMNA,MAPK1,MYH11,NFE2L2,PAK1,PAK3,PALLD,PIK3CA,PIK3R1,PPP1CB,PREX2,RAC1,RHOA,RHPN2,SLIT2,SPRED1,TNF,TPM1","Cytoskeleton","0.4302","0.2958","cell","0.6438407145515445","ARHGAP26,CDH1,CHEK2,DNM2,EGFR,ESR1,GNA11,GNA13,GNAQ,GNAS,HSP90AA1,LATS1,LMNA,MAPK1,PAK1,PAK3,PIK3R1,PREX2,RHOA,RHPN2,SLIT2,SPRED1","0","Cytoskeleton","NEST:14","3","1","0.5374","0.346","3.609","1.2596","false","Cytoskeleton","1.5185139398778875","33","22"
"ATM,ATR,CDKN1A,CHEK2,MDM2,MDM4,RB1,TP53","MDM2-p53 pathway","0.514","0.5038","cells ~ clinical","0.9800918836140888","ATM,ATR,CDKN1A,CHEK2,MDM2,MDM4,RB1,TP53","0","MDM2-p53 pathway","NEST:186","3","3","0.5224","0.512","1.0232","1.0172","false","MDM2-p53 pathway","0.9030899869919435","8","8"
"CDKN1A,CREBBP,EP300,RBL1,TP53","TP53-regulated transcr. of cell cycle genes","0.3456","0.3768","cells ~ clinical","1.1608765366114377","CDKN1A,CREBBP,EP300,RBL1,TP53","1","TP53 regulates transcription of cell cycle genes","NEST:177","1","2","0.3742","0.4344","1.1818","1.4058","false","TP53 regulates transcription of cell cycle genes","0.6989700043360189","5","5"
"CASP8,CTCF,HIST1H1C,HIST1H1E,PARP1,XPC","Histone modifications in DNA damage response","0.2088","0.0896","unimportant","0.46136618141097424","CASP8,CTCF,HIST1H1C,HIST1H1E,PARP1,XPC","0","Histone modifications in DNA damage response","NEST:158","0","0","0.1786","0.0824","1.0438","0.9932","false","Histone modifications in DNA damage response","0.7781512503836436","6","6"
"DKC1,HDAC1,HDAC2,KAT6A,KDM5A,MAX,MYC,MYCL,MYCN,PALB2,TERT,TNF,UPF1,YEATS4","Histone acetyltransferase complex","0.4108","0.2748","cell","0.5901711276875823","DKC1,HDAC1,HDAC2,KAT6A,KDM5A,MAX,MYC,MYCL,MYCN,PALB2,TERT,TNF,UPF1,YEATS4","1","Histone acetyltransferase complex","NEST:57","2","0","0.4558","0.269","1.1218","1.0334","false","Histone acetyltransferase complex","1.146128035678238","14","14"
"ARID1A,ARID1B,ARID2,ATRX,BARD1,BCL11B,BCL7A,BCLAF1,BRD4,CASP8,CDC73,CDK12,CHD2,CHD4,CREBBP,CTCF,CTNNB1,DDX3X,DNMT1,DNMT3A,DNMT3B,E2F1,EMSY,EP300,EWSR1,EZH2,FUBP1,FUS,GATA3,HDAC1,HDAC2,HDAC3,HIST1H1E,HIST3H3,ING1,IRF2,KDM5A,KDM6A,KMT2A,KMT2B,KMT2C,KMT2D,MAGI2,MDM2,MEN1,MTA1,MYC,PALB2,PARP1,PBRM1,PHF6,PPP1CC,PRCC,PRDM1,PRKDC,PRPF40B,PTPN11,RAD21,RANBP2,RB1,RBM10,RSF1,RUNX1,SF1,SF3B1,SMARCA1,SMARCA4,SMARCB1,SMARCE1,SMC1A,SMC3,SOX2,SPEN,SRSF2,STAG1,STAG2,TAF1,TERT,TNF,TOP1,TOP2A,TP53,U2AF1,UPF1,WRN,XPO1,XRCC1,YEATS4,ZBTB2,ZNF217,ZRSR2","mRNA processing","0.7074","0.5744","cells ~ clinical","0.7833333333333333","ATRX,CDK12,CHD2,CTCF,HIST1H1E,MDM2,PPP1CC,PTPN11,RANBP2,RSF1,TAF1,TOP1,TOP2A,WRN,XPO1,XRCC1,YEATS4","1","mRNA processing","NEST:10","5","3","0.72","0.564","1.019","0.9882","false","mRNA processing","1.9590413923210936","91","17"
"ACTA2,CD276,DMD,DPYD,ENG,FANCC,FGF10,FOXA1,GREM1,INHBA,PALLD,PDGFRB,TNF","Extracellular matrix organization","0.4506","0.08","cell","0.19347426470588236","DMD,DPYD,ENG,FOXA1,INHBA","0","Extracellular matrix organization","NEST:20","2","0","0.4352","0.0842","0.962","-1.1638","false","Extracellular matrix organization","1.1139433523068367","13","5"
"ADGRA2,ARID5B,CBR3,EBF1,EGF,EPCAM,ERG,FCGR2A,FGF10,FGF19,FLT1,FLT4,KDR,NEGR1,NOTCH4,PREX2,RET,SETBP1,SH2B3,SOX17,VEGFA,VSIR","NEST:16","0.4894","0.3126","cell","0.5864341085271317","ADGRA2,ARID5B,CBR3,EBF1,EGF,EPCAM,FCGR2A,FGF10,FGF19,NEGR1,PREX2,RET,SETBP1,SOX17","0","NEST:16","NEST:16","3","1","0.516","0.3026","1.0654","1.0012","false","NEST:16","1.3424226808222062","22","14"
"CDK8,ESR1,FBXW7,MED1,MED12,RARA","Mediator complex","0.2706","0.1862","unimportant","0.6296018031555222","CDK8,ESR1,FBXW7,MED1,MED12,RARA","1","Mediator complex","NEST:90","0","0","0.2662","0.1676","0.9938","0.8988","false","Mediator complex","0.7781512503836436","6","6"
"AR,BCL6,CREBBP,EP300,HDAC1,HDAC2,KAT6A,MYC,PML,RUNX1,TBL1XR1,TERT,TNF,TP53,YEATS4","NEST:85","0.4714","0.3528","cells ~ clinical","0.8244680851063831","AR,BCL6,CREBBP,EP300,HDAC1,HDAC2,KAT6A,MYC,PML,RUNX1,TBL1XR1,TERT,TNF,TP53,YEATS4","1","NEST:85","NEST:85","3","2","0.564","0.465","1.238","5.9694","false","NEST:85","1.1760912590556813","15","15"
"ASXL2,ATRX,CDK12,GATA1,MGA,NF1,NSD1,RSF1,SETD2,SPEN","NEST:78","0.225","0.1768","unimportant","0.5066889632107023","ASXL2,ATRX,CDK12,GATA1,MGA,NF1,NSD1,RSF1,SETD2,SPEN","1","NEST:78","NEST:78","0","0","0.2392","0.1212","1.184","0.7742","false","NEST:78","1.0","10","10"
"BCOR,BCORL1,CHD2,E2F6,EED,EZH2,MGA,TFDP1,TNF","PcG protein complex","0.4074","0.1228","cell","0.28928571428571426","CHD2","1","PcG protein complex","NEST:66","1","0","0.392","0.1134","0.9642","-0.7556","false","PcG protein complex","0.9542425094393249","9","1"
"APOB,ATP7B,CD276,CYP1B1,CYP2D6,CYP3A5,GPC3,HNF1A,HNF1B,IDH1,MST1,TPMT","Metabolic pathways","0.2866","0.1046","cell","0.27951674903898954","APOB,ATP7B,CD276,CYP1B1,CYP2D6,CYP3A5,GPC3,HNF1A,HNF1B,IDH1,MST1,TPMT","0","Metabolic pathways","NEST:11","1","0","0.3642","0.1018","1.5876","1.004","false","Metabolic pathways","1.0791812460476249","12","12"
"ACTA2,CASR,CBL,MYH11,NFE2L2,PALLD,PIK3CA,PPP1CB,RAC1,TNF,TPM1","Actin filament-based process","0.4326","0.1472","cell","0.299412915851272","RAC1","0","Actin filament-based process","NEST:23","2","0","0.4088","0.1224","0.9486","0.776","false","Actin filament-based process","1.0413926851582251","11","1"
"CREBBP,DAXX,EP300,HDAC1,NPM1,PARP1,PML,RB1,TERT","PML body","0.4802","0.4362","cells ~ clinical","0.8245877061469266","CREBBP,DAXX,EP300,HDAC1,NPM1,PARP1,PML,RB1,TERT","1","PML body","NEST:123","3","2","0.5336","0.44","1.1964","1.0092","false","PML body","0.9542425094393249","9","9"
"AR,CHD4,CREBBP,CTNNB1,DAXX,EP300,HDAC1,HDAC2,MYB,PML,RB1,RBL1,REL,SMAD2","AR signaling","0.4756","0.438","cells ~ clinical","0.7729365922777187","AR,CHD4,CREBBP,CTNNB1,DAXX,EP300,HDAC1,HDAC2,MYB,PML,RB1,RBL1,REL,SMAD2","1","Androgen receptor signaling pathway","NEST:112","3","2","0.5646","0.4364","1.2054","0.999","false","Androgen receptor signaling pathway","1.146128035678238","14","14"
"CDC73,CHEK2,DKC1,FUS,HRAS,NPM1,RHOA,RPL5,SF3B1,TERT,TNF,XPC","Ribosome abundance control","0.4058","0.3868","cells ~ clinical","0.8619670747150696","CDC73,CHEK2,DKC1,FUS,HRAS,NPM1,RHOA,RPL5,SF3B1,TERT,TNF,XPC","0","Ribosome abundance control","NEST:33","2","2","0.4738","0.4084","1.2266","1.0566","false","Ribosome abundance control","1.0791812460476249","12","12"
"ASNS,CHEK2,CTCF,DDX3X,DIS3,DKC1,FOXL2,HRAS,NHP2,NPM1,NSD2,PA2G4,PELP1,PHB2,RPL5,RPS15,SHQ1,XPC","Ribosome biogenesis","0.319","0.2574","cell","0.6185701830863122","ASNS,CHEK2,CTCF,DDX3X,DIS3,DKC1,FOXL2,HRAS,NHP2,NPM1,NSD2,PA2G4,PELP1,PHB2,RPL5,RPS15,SHQ1,XPC","0","Ribosome biogenesis","NEST:13","2","0","0.4588","0.2838","1.705","1.118","false","Ribosome biogenesis","1.255272505103306","18","18"
"B2M,BTK,CD22,CD40,CIITA,CSF1R,CTLA4,FCGR2A,FCGR3A,FYN,HAVCR2,HLA-A,HLA-B,HLA-C,HLA-DMA,HLA-DMB,HLA-DOA,HLA-DPA1,HLA-DPB1,HLA-DQA1,HLA-DQB1,HLA-DRA,HLA-DRB1,HLA-DRB5,HLA-E,HLA-F,HLA-G,IKZF1,IKZF3,KIT,LYN,PDCD1,PIK3CD,PTPN22,SH2D1A,SYK,TAP1,TAP2,TIGIT","Lymphocyte activation","0.2548","0.2718","cell","0.4935711323102447","BTK,CD22,CD40,CIITA,CSF1R,CTLA4,FCGR2A,FCGR3A,FYN,HAVCR2,HLA-DMA,HLA-DMB,HLA-DOA,HLA-DPA1,HLA-DPB1,HLA-DQA1,HLA-DQB1,HLA-DRA,HLA-DRB1,HLA-DRB5,IKZF1,IKZF3,KIT,LYN,PDCD1,PIK3CD,PTPN22,SH2D1A,SYK,TAP1,TIGIT","0","Lymphocyte activation","NEST:25","2","0","0.4822","0.238","8.4074","0.856","false","Lymphocyte activation","1.591064607026499","39","31"
"B2M,BIRC3,CARD11,CD19,CD274,CD40,CD70,CD79A,CD79B,CIITA,CTLA4,CXCR4,FLT3,GATA3,HLA-A,HLA-B,HLA-C,HLA-DMA,HLA-DMB,HLA-DOA,HLA-DOB,HLA-DPA1,HLA-DPB1,HLA-DQA1,HLA-DQA2,HLA-DQB1,HLA-DQB2,HLA-DRA,HLA-DRB1,HLA-DRB5,HLA-E,HLA-F,HLA-G,IDO1,IKZF1,IKZF3,IL15,IL7R,IRF1,IRF4,JAK3,KLHL6,LAG3,MS4A1,P2RY8,PDCD1,PDCD1LG2,PHOX2B,PRF1,PTPN22,SH2D1A,STAT4,TAP2,TIGIT,TNFRSF14,TNFRSF17,TNFRSF9","Regulation of immune responses","0.426","0.2754","cell","0.4423728813559322","BIRC3,CARD11,CD19,CD274,CD40,CD70,CD79A,CD79B,CIITA,CTLA4,CXCR4,FLT3,GATA3,HLA-DMA,HLA-DMB,HLA-DOA,HLA-DOB,HLA-DPA1,HLA-DPB1,HLA-DQA1,HLA-DQA2,HLA-DQB1,HLA-DQB2,HLA-DRA,HLA-DRB1,HLA-DRB5,IDO1,IKZF1,IKZF3,IL15,IL7R,IRF1,IRF4,JAK3,KLHL6,LAG3,MS4A1,P2RY8,PDCD1,PDCD1LG2,PHOX2B,PRF1,PTPN22,SH2D1A,STAT4,TIGIT,TNFRSF14,TNFRSF17,TNFRSF9","0","Regulation of immune responses","NEST:18","3","0","0.59","0.261","1.5442","0.9544","false","Regulation of immune responses","1.7558748556724915","57","49"
"CTNNB1,EP300,HIST3H3,KDM6A,KMT2A,KMT2B,KMT2C,KMT2D,MAGI2,MEN1,TNF","Histone methyltransferase complex","0.3442","0.256","cell","0.5563656758272575","CTNNB1,HIST3H3,KMT2C,MAGI2,TNF","0","Histone methyltransferase complex","NEST:98","1","0","0.3566","0.1984","1.0542","0.8242","false","Histone methyltransferase complex","1.0413926851582251","11","5"
"ARID1A,ARID1B,ARID2,BCL7A,CHD4,HDAC2,MYC,PBRM1,SMARCA4,SMARCB1,SMARCE1,SOX2","Polybromo/BAF complex","0.3564","0.2196","cell","0.6011111111111112","BCL7A,CHD4,HDAC2,MYC","0","Polybromo- and BAF containing complex","NEST:92","1","0","0.36","0.2164","1.0208","0.9868","false","Polybromo- and BAF containing complex","1.0791812460476249","12","4"
"BARD1,BCL11B,BRD4,CHD4,CREBBP,DNMT1,DNMT3A,DNMT3B,E2F1,EMSY,EZH2,HDAC1,HDAC2,HDAC3,HIST3H3,ING1,IRF2,KDM5A,MTA1,PALB2,PARP1,PHF6,PRDM1,RB1,RUNX1,SMARCA1,TERT,TP53,ZBTB2,ZNF217","Histone modification","0.6064","0.493","cells ~ clinical","0.842871319880913","BARD1,BRD4,DNMT3A,DNMT3B,EMSY,HDAC3,HIST3H3,KDM5A,PHF6,PRDM1,RB1,SMARCA1,TERT,ZNF217","0","Histone modification","NEST:34","4","3","0.6046","0.5096","1.0036","1.0462","false","Histone modification","1.4771212547196624","30","14"
